product_description,rating_score,number_of_global_rating,current_price,original_price,display_size,disk_size,ram,operating_system
"HP Newest 14 FHD Laptop for Business and Students Essential, 16GB RAM, 512GB PCIe SSD, AMD Ryzen Dual-Core Processor, Webcam, HDMI, WiFi, Fast Charge, Long Battery Life, Win 11 Home, GM Accessories",4.3 ,805,449.00,,14 inches,512 GB,16 GB,Windows 11 S
"HP 2022 New 15 Laptop, 15.6"" HD LED Display, Intel Dual-Core Processor, Intel UHD Graphics, 16GB DDR4 RAM, 1TB SSD, Ethernet Port, USB Type-C, Long Battery Life, Windows 11",4.3 ,598,479.00,,15.6 inches,1 TB,16 GB,Windows 11 Home
Gateway Newest Touchscreen 11.6 HD 2-in-1 Convertible Laptop in Blue Intel N4020 4GB RAM 64GB SSD Mini-HDMI Webcam Windows 10 S (Renewed) (GT-116),3.9 ,666,134.85,169.99,11.6 inches,64 GB,4 GB,Windows 10 S
ASUS 15 Slim Chrome OS Laptop Intel Processor up to 2.4GHz 15.6in Full HD NanoEdge-Display with 180 Degree-Hinge 4GB DDR4 32GB Storage WiFi + BT (C523 – Renewed),4.4 ,22,134.99,,15.6 inches,32 GB,-,Chrome OS
"SGIN Laptop 15.6 Inch 4GB DDR4 128GB SSD, Windows 11 Laptop with Celeron N4020, up to 2.8GHz, Mini HDMI, 2.4/5.0G WiFi, 2 x USB 3.0, Expandable Storage 512GB TF(Sliver)",4.5 ,1125,259.99,1049.99,15.6 inches,128 GB,-,Windows 11 Home
"HP 2022 Stream 14"" HD Laptop, Intel Celeron N4120 Processor, 4GB RAM, 64GB eMMC Storage, HD Webcam, HDMI, Wi-Fi, Bluetooth, Rose Gold, Office 365 1-Year, Windows 11 S, 32GB SnowBell USB Card",4.3 ,119,289.00,,14 inches,64 GB,4 GB,Windows 11 S
"HP 2021 Newest 15.6"" Pavilion HD Laptop, Intel Quad-core Pentium Processor, 16GB RAM, 1TB SSD, Intel UHD Graphics, HD Webcam, Bluetooth, HDMI, USB Type-C, Scarlet Red, Windows 10",4.2 ,140,499.00,,15.6 inches,1 TB,16 GB,Windows 10
"Lenovo 2022 Newest Ideapad 3 Laptop, 15.6"" HD Touchscreen, 11th Gen Intel Core i3-1115G4 Processor, 8GB DDR4 RAM, 256GB PCIe NVMe SSD, HDMI, Webcam, Wi-Fi 5, Bluetooth, Windows 11 Home, Almond",4.4 ,2737,388.00,959.00,15.6 inches,256 GB,8 GB,Windows 11
"Dell Newest Inspiron 3000 i3511 Laptop - 15.6"" FHD Touchscreen - 10th Gen Intel Core i5-1035G1 - UHD Graphics - 16GB DDR4-512GB NVMe SSD - HDMI Bluetooth Wi-Fi - Windows 11 Home",,,769.00,,15.6 inches,512 GB,16 GB,Windows 11 Home
"jumper 14"" Laptop, 16GB RAM 1TB NVMe SSD, Intel Core i5-1035G1 (up to 3.6GHz), 1080p FHD Display, Windows 11 Laptops Computer with 51300mWH Battery, Dual Stereo Speakers, Cooling Fan, Webcam, WiFi",4.6 ,144,549.99,1899.99,14 inches,1 TB,16 GB,Windows 11
"HP 2023 15.6"" FHD Premium Business Laptop, AMD 6-Core Ryzen 5 5500U Upto 4.0GHz, 32GB RAM, 256GB PCIe SSD, AMD Radeon Graphics, USB-C, HDMI, Windows 11 Pro + HDMI Cable, Blue",,,651.99,,15.6 inches,256 GB,32 GB,Windows 11 Pro
"BiTECOOL 15.6-inch Windows 11 Laptop, Intel Core i3-5005U and 12GB RAM, 512GB SSD, FHD IPS Display Laptop Computer with 2.4G/5G Dual Band WiFi, Bluetooth 5.0, RJ45, Type C, Webcam, Long Battery Life",,,349.00,,15.6 inches,512 GB,-,Windows 11 Pro
"HP 2023 15'' HD IPS Laptop, Windows 11, Intel Pentium 4-Core Processor Up to 2.70GHz, 8GB RAM, 128GB SSD, HDMI, Super-Fast 6th Gen WiFi, Dale Red (Renewed)",4.3 ,63,281.95,295.99,15 inches,128 GB,8 GB,Windows 11
"HP 2021 Stream 14"" HD SVA Laptop Computer, Intel Celeron N4000 Processor, 4GB RAM, 64GB eMMC Flash Memory, Webcam, 1-Year Office, Intel UHD Graphics 600, Win 10S, Rose Pink, 32GB SnowBell USB Card",4.2 ,1044,289.00,,14 inches,64 GB,4 GB,Windows 10 S
"Samsung Chromebook 4 (2021 Model) 11.6"" Intel UHD Graphics 600, Intel Celeron Processor N4020, 4GB, 16GB- Wi-Fi - Satin Gray- (XE310XBA-KB1US)",4.2 ,96,125.67,224.99,11.6 inches,0 TB,4 GB,Chrome OS
"Lenovo IdeaPad 15.6"" Laptop Newest, 20GB RAM, 1TB SSD, AMD Dual-core Processor, 15.6 Inch HD Anti-Glare Display, WiFi6 Bluetooth 5.0, 9.5Hr Battery, Windows 11 +GM Accessories",4.4 ,205,438.00,,15.6 inches,1 TB,20.0 GB,Windows 11 S
"Tulasi Laptop Computer, 2023 Laptop, Windows 11 Laptop 12GB RAM 256GB NVMe SSD Intel 4-Cores N5095 Laptops 14 inch 1080P IPS Display, WiFi 5, Bluetooth, USB Type C, Webcam",4.0 ,19,319.00,,14 inches,256 GB,12.0 GB,Windows 11 Pro
"ASUS Chromebook C203XA Rugged & Spill Resistant Laptop, 11.6"" HD, 180 Degree, MediaTek Quad-Core Processor, 4GB RAM, 32GB eMMC, MIL-STD 810G Durability, Dark Grey, Education, Chrome OS, C203XA-YS02-GR",4.3 ,582,134.00,249.99,,,,
Lenovo Laptop 17inch Screen| Ryzen5 5625U| Windows11 Laptop| FHD IPS Display Narrow Bezel| USB Type-C| Wireless Wi-Fi 6| SD Card Reader| Fingerprint| Webcam| HDMI Cable (16GB RAM | 1TB SSD),4.5 ,302,649.99,,17 inches,1 TB,16.0 GB,Windows 11 Home
HP Chromebook 14a-na0052tg 14-inch HD Laptop PC Intel Celeron N4120 UHD Graphics 600 4GB RAM 64GB eMMC Thin Computer Notebook w/ WiFi & Bluetooth Webcam USB-C Google Chrome OS Mineral Silver (Renewed),4.2 ,39,139.95,,14 inches,64 GB,4.0 GB,Chrome OS
"2022 ASUS L410 Thin Light Student Laptop Computer, 14"" FHD Display, Intel Celeron Processor, 4GB RAM, 256 GB Storage, 12Hours Battery, Backlit Keyboard, Windows 10 + 1 Year Microsoft 365, Star Black",4.1 ,41,259.99,279.99,14 inches,256 GB,4.0 GB,Windows 10
"BiTECOOL Windows 11 Laptop, 14 inches HD Clear Display, Intel Celeron J4005 Dual Core, 6GB RAM and 256GB SSD Laptop Computer, 2.4G WiFi, BT4.0, Long Lasting Battery, Mic",4.1 ,39,219.00,239.00,14 inches,256 GB,6 GB,Windows 11
"Tulasi Laptop Computer, 2023 Laptop, Windows 11 Laptop 12GB RAM 256GB NVMe SSD Intel 4-Cores N5095 ",4.0 ,19,319.00,,14 inches,256 GB,12.0 GB,Windows 11 Pro
"HP Newest Flagship 15.6 HD Touchscreen IPS Laptop, 4-Core i5-1135G7(Up to 4.2GHz, Beat i7-1060G7), 16GB RAM, 1TBGB PCIe SSD, Iris Xe Graphics, Bluetooth, WiFi, Windows 11 Home S,w/GM Accessories",4.3 ,183,669.00,,15.6 inches,1 TB,16.0 GB,Windows 11 Home
"HP 2023 Convertible 2-in-1 Chromebook Laptop, 14"" HD IPS Touchscreen, Intel Celeron Processor up to 2.60GHz, 4GB Ram, 64GB SSD, 4K Graphics, Super-Fast 6th Gen WiFi, Chrome OS, Dale Blue(Renewed)",4.3 ,31,195.00,,14 inches,64 GB,-,Chrome OS
"MSI 2022 GE76 Raider 17.3"" 144 Hz FHD Gaming Laptop 12th Intel Core i9-12900H 14-Core 64GB DDR5 2TB NVMe SSD NVIDIA GeForce RTX 3060 6GB RGB Backlit KB Thunderbolt 4 WiFi 6 Windows 10 Pro w/32GB USB",,,2399.00,,17.3 inches,2 TB,64 GB,Windows 10 Pro
"Apple 2023 MacBook Pro Laptop M2 Pro chip with 12‑core CPU and 19‑core GPU: 14.2-inch Liquid Retina XDR Display, 16GB Unified Memory, 1TB SSD Storage. Works with iPhone/iPad; Space Gray",4.5 ,84,2449.99,,14.2 inches,1 TB,16.0 GB,Mac OS
"Lenovo V15 G2 Business Laptop, 15.6"" FHD Display, Intel Core i7-1165G7, 24GB RAM, 1TB PCIe SSD, Webcam, HDMI, Type-C, RJ-45, Wi-Fi, Windows 11 Pro, Black",4.7 ,24,899.00,,15.6 inches,1 TB,24 GB,Windows 11 Pro
"Acer Aspire 5 A515-56-347N Slim Laptop - 15.6"" Full HD IPS Display - 11th Gen Intel i3-1115G4 Dual Core Processor - 8GB DDR4 - 128GB NVMe SSD - WiFi 6 - Amazon Alexa - Windows 11 Home in S Mode",4.3 ,1991,299.99,379.99,15.6 inches,128 GB,8.0 GB,Windows 11 S
"Newest HP 14"" HD Laptop, Windows 11, Intel Celeron Dual-Core Processor Up to 2.60GHz, 4GB RAM, 64GB SSD, Webcam, Dale Pink(Renewed) (Dale Pink)",4.2 ,966,220.99,,14 inches,64 GB,4.0 GB,Windows 11
"ASUS TUF Dash 15 (2022) Gaming Laptop, 15.6"" 144Hz FHD Display, Intel Core i7-12650H, GeForce RTX 3060, 16GB DDR5, 512GB SSD, Thunderbolt 4, Windows 11 Home, Off Black, FX517ZM-AS73",4.5 ,1007,1140.00,,15.6 inches,512 GB,16 GB,Windows 11 Home
"ASUS TUF Gaming F15 Gaming Laptop, 15.6” 144Hz FHD Display, Intel Core i5-11400H Processor, GeForce RTX 2050, 8GB DDR4 RAM, 512GB PCIe SSD Gen 3, Wi-Fi 6, Windows 11, FX506HF-ES51",4.6 ,1421,699.99,,15.6 inches,512 GB,8.0 GB,Windows 11 Home
"Lenovo IdeaPad 1 Laptop, 15.6"" HD Display, AMD Athlon Silver 3050U Processor, Windows 11 Home, 12GB RAM, 384GB SSD (128GB eMMC+256GB PCIe SSD), Webcam, HDMI, WiFi 6, USB Type-C, Long Battery Life, PCM",,,399.00,449.00,15.6 inches,-,12.0 GB,Windows 11 Home
"HP Newest Flagship 14"" HD Business Laptop Computer, 4-Core i5-1135G7(Up to 4.2GHz, Beat i7-1060G7), 16GB RAM, 512GB PCIe SSD, Iris Xe Graphics, Webcam, WiFi, Bluetooth, Win 11 Home, w/GM Accessories",4.4 ,303,569.00,,14 inches,512 GB,16 GB,Windows 11 Home
"HP Newest 14"" Thin Light Laptop, Intel Dual-Core N4020, 8GB RAM, 128GB Storage(64GB eMMC+64GB Micro SD), 1Yr Office, Win 10 Bundle w/GaPi Mousepad (White)",4.3 ,826,287.39,,14 inches,64 GB,8 GB,Windows 10 S
"Acer 2022 15inch HD IPS Chromebook, Intel Dual-Core Celeron Processor Up to 2.55GHz, 4GB RAM, 32GB Storage, Super-Fast WiFi Up to 1300 Mbps, Chrome OS-(Renewed) (Dale Silver)",4.4 ,953,166.00,,15 inches,32 GB,4.0 GB,Chrome OS
"HP 2023 17"" FHD IPS Laptop, Windows 11, Intel Quad-Core i5-1135G7 Processor Up to 4.2GHz, 8GB RAM, 512GB SSD, Super-Fast WiFi Speed(Renewed)",,,409.99,,17 inches,512 GB,8 GB,Windows 11
"HP ChromeBook 11 G4 11.6 Inch Business Notebooks, Intel Celeron Processor N2840 2.16GHz, 2G RAM, 16G SSD, WiFi, HDMI, Chrome OS(Renewed)",4.0 ,23,64.99,,11.6 inches,16 GB,2 GB,Chrome OS
Gateway Newest Touchscreen 11.6 HD 2-in-1 Convertible Laptop in Black Intel N4020 4GB RAM 64GB SSD Mini-HDMI Webcam Windows 10 S (Renewed),4.0 ,217,135.00,299.95,11.6 inches,64 GB,-,Windows 10 S
"Lenovo IdeaPad 1 14IGL7 14"" Laptop Intel Pentium Silver N5030 4GB Ram 128 GB eMMC W11H in S mode (Renewed)",4.1 ,11,139.00,182.84,14 inches,128 GB,4 GB,"Windows 11 Home, English"
"ASUS Vivobook Go 15 L510 Thin & Light Laptop Computer, 15.6” FHD Display, Intel Celeron N4020 Processor, 4GB RAM, 64GB Storage, Windows 11 Home in S Mode, 1 Year Microsoft 365, Star Black, L510MA-AS02",4.1 ,675,189.99,204.90,15.6 inches,64 GB,4 GB,Windows 11 S
"HP Newest 14 FHD Laptop for Business and Students Essential, 16GB RAM, 1TB PCIe SSD, AMD Ryzen Dual-Core Processor, Webcam, HDMI, WiFi, Fast Charge, Long Battery Life, Win 11 Home, GM Accessories",4.3 ,805,469.00,,14 inches,1 TB,16 GB,Windows 11 S
"BiTECOOL 14-inch Windows 11 Laptop, 12GB RAM, 256GB NVMe SSD, up to 2100MB/S, FHD IPS Display, Intel Celeron N5095 Quad Core, 5G WiFi, BT4.2, Type C and Camera Cover, Lightweight and Portable",4.4 ,92,299.00,319.00,14 inches,256 GB,12.0 GB,Windows 11 Pro
"Lenovo 15.6"" IdeaPad 1 Laptop, 20GB Memory, 1TB SSD Storage, Intel Pentium Processor (4-cores, 3.3GHz), 15.6"" Anti-glare Display, Wi-Fi 6 and Bluetooth, HDMI, Type-C, 1 Year Office 365,Windows 11 Home",4.3 ,69,384.87,,15.6 inches,1 TB,20 GB,Windows 11
"Tulasi Laptop Computer, 2023 Laptop, Windows 11 Laptop 12GB RAM 256GB NVMe SSD Intel 4-Cores N5095 Laptops 14 inch 1080P IPS Display, WiFi 5, Bluetooth, USB Type C, Webcam",4.0 ,19,319.00,,14 inches,256 GB,12.0 GB,Windows 11 Pro
"ECOHERO Windows 11 Laptop, 15.6 inches FHD(1920 x 1080) IPS Display, Intel Core i3-5005U, 12GB RAM and 512GB SSD Laptop Computer, 2.4G/5G WiFi, BT5.0 and RJ45, Full Functional Type C, Space Gray",4.3 ,112,349.00,,15.6 inches,512 GB,12.0 GB,Windows 11 Pro
"Dell Newest Inspiron 3000 i3511 Laptop - 15.6"" FHD Touchscreen - 10th Gen Intel Core i5-1035G1 - UHD Graphics - 16GB DDR4-512GB NVMe SSD - HDMI Bluetooth Wi-Fi - Windows 11 Home",,,769.00,,15.6 inches,512 GB,16 GB,Windows 11 Home
"Apple MacBook Air with Intel Core i5, 1.6GHz, (13-inch, 4GB,128GB SSD) - Silver (Renewed)",4.2 ,1628,244.95,269.95,13.3 inches,128 GB,4 GB,Mac OS
"SAMSUNG 2023 11"" HD IPS Chromebook, Intel Celeron N Processor Up to 2.79GHz, 4GB Ram, 32GB SSD, Intel 4K Graphics, Super-Fast WiFi Speed, Chrome OS, Dale Gray(Renewed)",4.3 ,49,123.99,,11 inches,32 GB,32.0 GB,Chrome OS
"Dell Latitude 7490 Business Laptop, 14"" FHD (1920 x 1080) Laptop, Intel Core i5-8350U 1.7GHz, 16GB DDR4 RAM, 512GB SATA SSD, Webcam, Bluetooth, Windows 10 Pro (Renewed)",4.2 ,126,249.93,267.90,14 inches,512 GB,16 GB,Windows 10 Pro
Lenovo Laptop 17inch Screen| Ryzen5 5625U| Windows11 Laptop| FHD IPS Display Narrow Bezel| USB Type-C| Wireless Wi-Fi 6| SD Card Reader| Fingerprint| Webcam| HDMI Cable (16GB RAM | 1TB SSD),4.5 ,302,649.99,,17 inches,1 TB,16.0 GB,Windows 11 Home
"Acer Aspire 5 A515-46-R3UB | 15.6"" Full HD IPS Display | AMD Ryzen 3 3350U Quad-Core Mobile Processor | 4GB DDR4 | 128GB NVMe SSD | WiFi 6 | Backlit KB | FPR | Amazon Alexa | Windows 11 Home in S mode",4.5 ,4123,324.99,389.99,15.6 inches,128 GB,4 GB,Windows 11
"HP Elitebook 850 G3 15.6"" FHD Touchscreen Laptop - Intel Core i5-6300U 2.6 GHz - 16GB - 512GB SSD - Webcam - Bluetooth - Windows 10 Pro (Renewed)",4.3 ,8,289.99,,15.6 inches,512 GB,-,Windows 10 Pro
"HP 2023 17"" FHD IPS Laptop, Windows 11, Intel Quad-Core i5-1135G7 Processor Up to 4.2GHz, 8GB RAM, 512GB SSD, Super-Fast WiFi Speed(Renewed)",,,409.99,,17 inches,512 GB,8 GB,Windows 11
"HP Newest Flagship 15.6 HD Touchscreen IPS Laptop, 4-Core i5-1135G7(Up to 4.2GHz, Beat i7-1060G7), 16GB RAM, 1TBGB PCIe SSD, Iris Xe Graphics, Bluetooth, WiFi, Windows 11 Home S,w/GM Accessories",4.3 ,183,669.00,,15.6 inches,1 TB,16.0 GB,Windows 11 Home
"HP Newest Flagship 14"" HD Business Laptop Computer, 4-Core i5-1135G7(Up to 4.2GHz, Beat i7-1060G7), 16GB RAM, 512GB PCIe SSD, Iris Xe Graphics, Webcam, WiFi, Bluetooth, Win 11 Home, w/GM Accessories",4.4 ,303,569.00,,14 inches,512 GB,16 GB,Windows 11 Home
"Lenovo 2022 IdeaPad 1 15.6"" FHD Laptop, Intel Pentium Silver N6000 Processor, 20GB RAM, 1TB PCIe SSD, 720P HD Webcam, Dolby Audio, 1 Year Office, Blue, Win 11, 32GB Snowbell USB Card",5.0 ,4,369.00,,15.6 inches,1 TB,20 GB,Windows 11
"Dell 2022 Newest Inspiron 15 Laptop, 15.6"" HD Display, Intel Celeron N4020 Processor, 16GB DDR4 RAM, 1TB PCIe SSD, Webcam, HDMI, Wi-Fi, Bluetooth, Windows 11 Home, Black",4.1 ,176,389.00,412.44,15.6 inches,1 TB,16 GB,Windows 11 Home
"Lenovo Newest IdeaPad 1i 14inch HD Laptop, Intel Quad-Core Processor, 4GB RAM, 256GB Storage(128GB eMMC + 128GB SD Card), 1 Year Microsoft 365, WiFi 6, Webcam, HDMI, 10Hr Battery Life, Win 11 S",4.4 ,37,229.00,,14 inches,128 GB,4 GB,Windows 11 S
"ASUS TUF Dash 15 (2022) Gaming Laptop, 15.6"" 144Hz FHD Display, Intel Core i7-12650H, GeForce RTX 3060, 16GB DDR5, 512GB SSD, Thunderbolt 4, Windows 11 Home, Off Black, FX517ZM-AS73",4.5 ,1007,1140.00,,15.6 inches,512 GB,16 GB,Windows 11 Home
"HP 2022 Pavilion 15.6"" HD Laptop Computer, Intel Dual-core Pentium Processor, 8GB RAM, 256GB SSD, HD Webcam, Intel UHD Graphics 605, Bluetooth, USB-C, Windows 10 S, Red, 32GB SnowBell USB Card",4.3 ,256,369.00,389.00,15.6 inches,256 GB,8 GB,Windows 10 S
Gateway Newest Touchscreen 11.6 HD 2-in-1 Convertible Laptop in Black Intel N4020 4GB RAM 64GB SSD Mini-HDMI Webcam Windows 10 S (Renewed),4.0 ,217,135.00,299.95,11.6 inches,64 GB,-,Windows 10 S
"HP Laptop, 17.3” HD+ Touchscreen Display, Intel Core i7-1255U Processor, 32GB RAM, 1TB PCIe SSD, Backlit Keyboard, Fingerprint Reader, Wi-Fi, Windows 11 Home, Silver",5.0 ,1,956.00,,17.3 inches,1 TB,32 GB,Windows 11 Home
"Gateway 15.6"" FHD Ultra Slim Laptop, Quad-Core Pentium Silver N5030 up to 3.1GHz, 4GB RAM, 128GB eMMC, WiFi, Bluetooth, Charcoal (Renewed)",3.5 ,65,174.99,249.00,15.6 inches,128 GB,4 GB,Windows 11
"BiTECOOL 14-inch Windows 11 Laptop, 12GB RAM, 256GB NVMe SSD, up to 2100MB/S, FHD IPS Display, Intel Celeron N5095 Quad Core, 5G WiFi, BT4.2, Type C and Camera Cover, Lightweight and Portable",4.4 ,92,299.00,319.00,14 inches,256 GB,12.0 GB,Windows 11 Pro
"Lenovo ThinkPad L380 Yoga 2-in-1 Laptop, 13.3"" FHD Touchscreen, Intel Core i5-8250U, 16GB RAM, 256GB SSD, Fingerprint Reader, Backlit Keyboard, Stylus Pen, Windows 10 Pro (Renewed)",3.3 ,9,285.90,299.50,13.3 inches,-,-,Windows 10 Pro
"Tulasi Laptop Computer, 2023 Laptop, Windows 11 Laptop 12GB RAM 256GB NVMe SSD Intel 4-Cores N5095 Laptops 14 inch 1080P IPS Display, WiFi 5, Bluetooth, USB Type C, Webcam",4.0 ,19,319.00,,14 inches,256 GB,12.0 GB,Windows 11 Pro
"ECOHERO Windows 11 Laptop, 15.6 inches FHD(1920 x 1080) IPS Display, Intel Core i3-5005U, 12GB RAM and 512GB SSD Laptop Computer, 2.4G/5G WiFi, BT5.0 and RJ45, Full Functional Type C, Space Gray",4.3 ,112,349.00,,15.6 inches,512 GB,12.0 GB,Windows 11 Pro
"Lenovo IdeaPad 1 14 Laptop, 14.0"" HD Display, Intel Celeron N4020, 4GB RAM, 64GB Storage, Intel UHD Graphics 600, Win 11 in S Mode, Cloud Grey",4.2 ,104,4 capacities,,14 inches,64 GB,4 GB,Windows 11
"Lenovo 11.6"" 300e Chromebook Non-Touchscreen LCD 2 in 1- MediaTek M8173C Quad-core 2.1GHz 4GB LPDDR3 32GB Flash Memory Chrome OS Model 81H00000US (Renewed)",4.0 ,1078,64.99,79.00,11.6 inches,32 GB,-,Chrome OS
"HP15.6 Inch Laptop, Intel Iris Xe Graphics, 12th Generation Intel Core Processor, 8 GB RAM, 256 GB SSD, Diagonal Full HD Display, Windows 11 Home, Dual Array Microphones, Wi-Fi 6 (15-dy5024nr, 2022)",4.3 ,80,429.99,514.94,15 inches,256 GB,8.0 GB,Windows 11 Home
"Windows 10 Laptop, 13.5"" 3K (3000 x 2000) 3:2 IPS Display Celeron N4020 Quad Core, 6GB RAM 128GB SSD, Mini & Light Notebook PC, Webcam, Type C, Office",2.0 ,2,179.99,199.99,13.5 inches,128 GB,6 GB,Windows 11 Home
"SAMSUNG 2023 14"" HD IPS Chromebook, Intel Celeron Processor Up to 2.80GHz, 4GB Ram, 128GB Storage(64GB SSD+64GB Micro SD), Intel 4K Graphics, Super-Fast 6th Gen WiFi, Chrome OS(Renewed)",4.3 ,9,185.99,,14 inches,128 GB,-,Chrome OS
"ASUS Notebook E210 11.6” Ultra Thin, Intel Celeron N4020 Processor, 4GB RAM, 64GB eMMC Storage, Windows 10 Home in S Mode with One Year of Office 365 Personal, E210MA-DB02,Star Black",4.2 ,580,171.00,,11.6 inches,64 GB,4 GB,Windows 10 Home
"HP 14 Laptop, Intel Celeron N4020, 4 GB RAM, 64 GB Storage, 14-inch Micro-edge HD Display, Windows 10 Home, Thin & Portable, 4K Graphics, One Year of Microsoft 365 (14-dq0040nr, 2021, Snowflake White)",4.4 ,341,231.85,,14 inches,64 GB,4 GB,Windows 10 Home
"HP 14"" HD IPS Laptop, Windows 11 OS, Intel Celeron Processor Up to 2.60 GHz, 4GB RAM, 64GB SSD, Intel 4K Graphics, Ultra-Fast WiFi, Dale Black(Renewed)",4.5 ,2,196.99,,14 inches,64 GB,-,Windows 11
"HP 2023 Newest 15 inch Laptop, Intel Quad-Core Processor, 8GB RAM, 256GB SSD, Wi-Fi, Bluetooth, HDMI, Windows 11 Home, Bundle with JAWFOAL",4.2 ,38,389.99,,15 inches,256 GB,8.0 GB,Windows 11 Home
"BiTECOOL 14-inch Windows 11 Laptop, 12GB RAM, 256GB NVMe SSD, up to 2100MB/S, FHD IPS Display, Intel Celeron N5095 Quad Core, 5G WiFi, BT4.2, Type C and Camera Cover, Lightweight and Portable",4.4 ,92,299.00,319.00,14 inches,256 GB,12.0 GB,Windows 11 Pro
"HP Chromebook 11.6 - Intel Celeron 1.1 GHz, 4GB RMA, 16GB Storage, Chrome OS - 3NU57UT#ABA (Renewed)",3.9 ,172,84.99,291.24,11.6 inches,0 GB,16.0 GB,Chrome OS
"Lenovo 2022 Ideapad 1i 14.0"" HD Laptop, Intel Pentium Silver N5030 Processor, 4GB RAM, 128GB SSD, Intel HD Graphics, HD Webcam, Gray, Win 11 S, 1 Year Office 365, 32GB SnowBell USB Card",4.2 ,22,219.00,,14 inches,128 GB,4 GB,Windows 11 S
"Lenovo 2022 IdeaPad 1 15.6"" FHD Laptop, Intel Pentium Silver N6000 Processor, 20GB RAM, 1TB PCIe SSD, 720P HD Webcam, Dolby Audio, 1 Year Office, Blue, Win 11, 32GB Snowbell USB Card",5.0 ,4,369.00,,15.6 inches,1 TB,20 GB,Windows 11
"Latest_Dell Latitude 7390 13.3"" FHD Display Laptop, 8th Generation Intel Core i5-8350U Processor, 8GB RAM, 256GB SSD, Wireless+Bluetooth, HDMI?Window 10 Pro (Renewed)",4.3 ,122,222.99,235.00,,,,
"HP 2023 Newest 14 Laptop for Productivity and Entertainment,14"" FHD Display, 8GB RAM, 256GB SSD, AMD Ryzen 3 Processor Upto 3.5GHz, Type-C, HDMI, Fast Charge, 10 Hrs Long Battery Life, Windows 11",4.1 ,10,339.45,,14 inches,256 GB,-,Windows 11
"Apple 2023 MacBook Pro Laptop M2 Pro chip with 12‑core CPU and 19‑core GPU: 14.2-inch Liquid Retina XDR Display, 16GB Unified Memory, 1TB SSD Storage. Works with iPhone/iPad; Space Gray",4.5 ,84,2449.99,,14.2 inches,1 TB,16.0 GB,Mac OS
"HP 15.6in Laptop (Intel Pentium Quad-Core N5000, 4GB RAM, 128GB SSD, HDMI, WiFi, Bluetooth, HD Webcam, Windows 10 S) (Renewed)",4.4 ,1341,235.99,,15.6 inches,128 GB,4 GB,Windows 10 Home
"HP 14 Laptop, Intel Celeron N4020, 4 GB RAM, 64 GB Storage, 14-inch Micro-edge HD Display, Windows 10 Home, Thin & Portable, 4K Graphics, One Year of Microsoft 365 (14-dq0030nr, 2021, Pale Rose Gold)",4.4 ,811,237.97,,14 inches,64 GB,4 GB,Windows 10 Home
"HP Newest Flagship 14"" HD Business Laptop Computer, 4-Core i5-1135G7(Up to 4.2GHz, Beat i7-1060G7), 16GB RAM, 512GB PCIe SSD, Iris Xe Graphics, Webcam, WiFi, Bluetooth, Win 11 Home, w/GM Accessories",4.4 ,303,569.00,,14 inches,512 GB,16 GB,Windows 11 Home
"Lenovo ThinkPad L380 Yoga 2-in-1 Laptop, 13.3"" FHD Touchscreen, Intel Core i5-8250U, 16GB RAM, 256GB SSD, Fingerprint Reader, Backlit Keyboard, Stylus Pen, Windows 10 Pro (Renewed)",3.3 ,9,285.90,299.50,13.3 inches,-,-,Windows 10 Pro
"Tulasi Laptop Computer, 2023 Laptop, Windows 11 Laptop 12GB RAM 256GB NVMe SSD Intel 4-Cores N5095 Laptops 14 inch 1080P IPS Display, WiFi 5, Bluetooth, USB Type C, Webcam",4.0 ,19,319.00,,14 inches,256 GB,12.0 GB,Windows 11 Pro
"ECOHERO Windows 11 Laptop, 15.6 inches FHD(1920 x 1080) IPS Display, Intel Core i3-5005U, 12GB RAM and 512GB SSD Laptop Computer, 2.4G/5G WiFi, BT5.0 and RJ45, Full Functional Type C, Space Gray",4.3 ,112,349.00,,15.6 inches,512 GB,12.0 GB,Windows 11 Pro
Dell Chromebook 3120 Laptop Computer Intel Dual Core 4GB RAM 16GB SSD WiFi HDMI (Renewed),3.8 ,37,42.00,54.99,11 inches,-,4.0 GB,Chrome OS
"HP 2023 15” 2-in-1 Convertible FHD IPS Touchscreen Laptop, AMD 8-Core Ryzen 7-5700U Processor Up to 4.30GHz, 12GB Ram, 512GB SSD, HDMI, Super-Fast 6th Gen WiFi, Windows 11(Renewed)",5.0 ,2,509.99,,15 inches,512 GB,12 GB,Windows 11
"SGIN 17"" Laptop, 8GB RAM 256GB SSD Notebook, 17 Inch Laptops with IPS Full HD, Intel Celeron N4020(Up to 2.8GHz), Mini HDMI, Webcam, Dual Wi-Fi, Windows 11 Home, Expandable Storage 512GB TF(Gray)",5.0 ,2,399.99,1499.99,17.3 inches,256 GB,-,-
"Lenovo IdeaPad 1 14” HD Laptop, Intel Pentium Silver N5030, 4GB RAM, 128GB SSD, Windows 11 Home S Mode, Office 365 1 Year Included",4.0 ,20,176.90,,14 inches,128 GB,-,Windows 11 S
"HP 2023 17"" FHD IPS Laptop, Windows 11, Intel Quad-Core i5-1135G7 Processor Up to 4.2GHz, 8GB RAM, 512GB SSD, Super-Fast WiFi Speed(Renewed)",,,409.99,,17 inches,512 GB,8 GB,Windows 11
"Lenovo 2022 IdeaPad 1 15.6"" FHD Laptop, Intel Pentium Silver N6000 Processor, 20GB RAM, 1TB PCIe SSD, 720P HD Webcam, Dolby Audio, 1 Year Office, Blue, Win 11, 32GB Snowbell USB Card",5.0 ,4,369.00,,15.6 inches,1 TB,20 GB,Windows 11
"HP Newest Flagship 15.6 HD Touchscreen IPS Laptop, 4-Core i5-1135G7(Up to 4.2GHz, Beat i7-1060G7), 16GB RAM, 1TBGB PCIe SSD, Iris Xe Graphics, Bluetooth, WiFi, Windows 11 Home S,w/GM Accessories",4.3 ,183,669.00,,15.6 inches,1 TB,16.0 GB,Windows 11 Home
"ASUS VivoBook 14 Slim Laptop Computer, 14"" IPS FHD Display, Intel Core i3-1115G4 Processor, 4GB DDR4, 128GB PCIe SSD, Fingerprint Reader, Windows 11 Home in S Mode, Slate Grey, F415EA-AS31",4.3 ,1600,240.00,,14 inches,128 GB,4 GB,Windows 11 Home
"HP 2023 Newest 15 inch Laptop, Intel Quad-Core Processor, 8GB RAM, 256GB SSD, Wi-Fi, Bluetooth, HDMI, Windows 11 Home, Bundle with JAWFOAL",4.2 ,38,389.99,,15 inches,256 GB,8.0 GB,Windows 11 Home
"BiTECOOL 14-inch Windows 11 Laptop, 12GB RAM, 256GB NVMe SSD, up to 2100MB/S, FHD IPS Display, Intel Celeron N5095 Quad Core, 5G WiFi, BT4.2, Type C and Camera Cover, Lightweight and Portable",4.4 ,92,299.00,319.00,14 inches,256 GB,12.0 GB,Windows 11 Pro
"Acer Aspire 5 15.6 FHD Notebook Laptop, Intel Core i7-1165G7 Processor, 32GB RAM, 1TB PCIe SSD, Webcam, Backlit Keyboard, Fingerprint Reader, Wi-Fi 6, Windows 11 Home, Black",4.5 ,117,799.00,,15.6 inches,2 TB,32 GB,Windows 11 Home
"Microsoft Surface Laptop Go 12.4in Touchscreen PC, Intel Quad-Core i5-1035G1, 4GB RAM, 64GB eMMC, Webcam, Win 10 Pro, Bluetooth, Online Class Ready - Platinum",4.3 ,368,236.94,264.95,12.4 inches,64 GB,64.0 GB,Windows 10 Pro
"Acer Nitro 5 AN517-54-79L1 Gaming Laptop | Intel Core i7-11800H | NVIDIA GeForce RTX 3050Ti GPU | 17.3"" FHD 144Hz IPS Display | 16GB DDR4 | 1TB NVMe SSD | Killer Wi-Fi 6 | Backlit KB | Win 11",4.4 ,2321,1399.99,,17.3 inches,1000 GB,16 GB,Windows 11 Home
"Lenovo IdeaPad 3 Laptop Computer, 17.3"" FHD Screen, AMD Ryzen 5 5625U Processor, 16GB RAM, 1TB SSD, Media Card Reader, HDMI, HD Camera, Wi-Fi 6, Fingerprint Reader, Windows 11 Home",5.0 ,5,539.00,588.00,17.3 inches,1 TB,16 GB,Windows 11 Home
"HP Newest 14 FHD Laptop for Business and Students Essential, 16GB RAM, 1TB PCIe SSD, AMD Ryzen Dual-Core Processor, Webcam, HDMI, WiFi, Fast Charge, Long Battery Life, Win 11 Home, GM Accessories",4.3 ,805,469.00,,14 inches,1 TB,16 GB,Windows 11 S
"ASUS Vivobook Go 15 L510 Thin & Light Laptop Computer, 15.6” FHD Display, Intel Celeron N4020 Processor, 4GB RAM, 64GB Storage, Windows 11 Home in S Mode, 1 Year Microsoft 365, Star Black, L510MA-AS02",4.1 ,675,189.99,204.90,15.6 inches,64 GB,4 GB,Windows 11 S
"HP15.6 Inch Laptop, Intel Iris Xe Graphics, 12th Generation Intel Core Processor, 8 GB RAM, 256 GB SSD, Diagonal Full HD Display, Windows 11 Home, Dual Array Microphones, Wi-Fi 6 (15-dy5024nr, 2022)",4.3 ,80,429.99,514.94,15 inches,256 GB,8.0 GB,Windows 11 Home
"Dell Latitude E6420 14.1-Inch Laptop (Intel Core i5 2.5GHz with 3.2G Turbo Frequency, 4G RAM, 128G SSD, Windows 10 Professional 64-bit) (Renewed)",3.9 ,412,179.00,190.76,14.1 inches,128 GB,4 GB,Windows 10;
"OTVOC Laptop 15.6 inch Windows 11, VocBook 15, Intel Celeron N5100, 16GB RAM, 512GB PCIE NvMe SSD, 4TB Expansion, 15.6"" FHD IPS, 2.0MP, 2.4G+5G WiFi, Bluetooth 5.0, Type-C, HDMI, RJ45, HDD, Silver",4.6 ,164,399.99,,15.60 inches,512 GB,16.0 GB,Windows 11 Home
"BiTECOOL Windows 11 Laptop, 15.6 inches Full HD IPS Display, Intel Celeron N4120 Quad Core, 12GB RAM and 256GB SSD Laptop Computer, 2.4/5G WiFi, BT4.2, Full Size Keyboard and Ultra Slim",3.7 ,11,319.00,339.00,15.6 inches,256 GB,12.0 GB,Windows 11
"Tulasi Laptop Computer, 2023 Laptop, Windows 11 Laptop 12GB RAM 256GB NVMe SSD Intel 4-Cores N5095 Laptops 14 inch 1080P IPS Display, WiFi 5, Bluetooth, USB Type C, Webcam",4.0 ,19,319.00,,14 inches,256 GB,12.0 GB,Windows 11 Pro
"BiTECOOL Windows 11 Laptop, 15.6 inches Full HD IPS Display, Intel Celeron N4120 Quad Core, 12GB RAM and 256GB SSD Laptop Computer, 2.4/5G WiFi, BT4.2, Full Size Keyboard and Ultra Slim",3.7 ,11,319.00,339.00,15.6 inches,256 GB,12.0 GB,Windows 11
"Dell 2022 Newest Inspiron 15 3511 Laptop, 15.6"" FHD Touchscreen, Intel Core i5-1035G1, 32GB RAM, 1TB PCIe NVMe M.2 SSD, SD Card Reader, Webcam, HDMI, WiFi, Windows 11 Home, Black",4.3 ,279,587.00,,15.6 inches,1 TB,32 GB,Windows 11
"HP 15 Laptop, 15.6"" HD Screen, Intel Pentium Silver N5030 Processor, 16GB RAM, 512GB SATA SSD, Webcam, Media Card Reader, RJ45, HDMI, Wi-Fi, Windows 11 Home, Scarlet Red",4.7 ,129,419.00,,15.6 inches,512 GB,16 GB,Windows 11 Home
"HP 14 Laptop, AMD Ryzen 5 5500U, 8 GB RAM, 256 GB SSD Storage, 14-inch Full HD Display, Windows 11 Home, Thin & Portable, Micro-edge & Anti-glare Screen, Long Battery Life (14-fq1025nr, 2021)",4.4 ,1134,409.00,,14 inches,256 GB,8 GB,Windows 11 Home
"HP Pavilion 15 Laptop, 15.6"" HD Touchscreen, Intel Core i5-1135G7 Processor, 64GB Memory, 1TB SSD, USB-C, HDMI, Windows 11 Home, Silver, JVQ MP",,,777.77,,15.6 inches,1 TB,64 GB,Windows 11 Home
"Lenovo Thinkpad Yoga 11e Laptop 11.6inch Touchscreen Convertible Ultrabook PC, Intel Quad Core Processor, 128GB Solid State Drive, 4GB DDR3 RAM, HD Webcam, LED, HDMI, Bluetooth, Windows 10 (Renewed)",4.0 ,922,129.99,,11.6 inches,128 GB,4 GB,Windows 10 Home
"Microsoft Surface Laptop Go 2-12.4"" Touchscreen - Intel Core i5 8GB Memory - 128 SSD - Sandstone (Latest Model)",4.5 ,124,584.20,699.99,12.45 inches,128 GB,8 GB,Windows 11 Home
"WAICID Laptop 15.6 Inch, 512GB SSD 12GB DDR4, Intel Celeron N5095(4M Cache, up to 2.9 GHz), Windows 11 Laptops Computer with USB Type-C, IPS FHD 1080P Display, 5G/2.4Ghz WiFi, 2*USB 3.0, Bluetooth 4.2",5.0 ,1,359.99,1299.99,15.6 inches,512 GB,12 GB,Windows 11 Home
"HP Newest 17.3 FHD IPS Micro-Edge Laptop, AMD Ryzen 5 5500U 6-core(Beat Intel i5-1135G7), 16GB DDR4 RAM, 1TB NVMe SSD, WiFi, Bluetooth, Numpad, HDMI, Fast Charge, Webcam, Win11, Fauqibey HDMI Cable",5.0 ,9,669.00,,17.3 inches,1 TB,-,Windows 11 Home
"BiTECOOL 14-inch Windows 11 Laptop, 12GB RAM, 256GB NVMe SSD, up to 2100MB/S, FHD IPS Display, Intel Celeron N5095 Quad Core, 5G WiFi, BT4.2, Type C and Camera Cover, Lightweight and Portable",4.4 ,92,299.00,319.00,14 inches,256 GB,12.0 GB,Windows 11 Pro
"Lenovo 15.6"" IdeaPad 1 Laptop, 20GB Memory, 1TB SSD Storage, Intel Pentium Processor (4-cores, 3.3GHz), 15.6"" Anti-glare Display, Wi-Fi 6 and Bluetooth, HDMI, Type-C, 1 Year Office 365,Windows 11 Home",4.3 ,69,394.87,,15.6 inches,1 TB,20 GB,Windows 11
Dell Chromebook 11 3180 11.6-Inch 4GB | 16GB SSD Traditional Laptop (Black) (Renewed),3.6 ,73,48.50,69.99,11.6 inches,16 GB,-,Chrome OS
"Acer Aspire 1 A115-32-C96U Slim Laptop | 15.6"" Full HD Display | Intel Celeron N4500 Processor | 4GB DDR4 | 128GB eMMC | WiFi 5 | Microsoft 365 Personal 1-Year Subscription | Windows 11 Home in S mode",4.2 ,1018,229.99,,15.6 inches,-,4.0 GB,Windows 11 S
"HP Victus 15.6"" Gaming Laptop PC, NVIDIA GeForce RTX 3050 Ti, AMD Ryzen 7 5800H, Refined 1080p IPS Display, Compact Design, All-in-One Keyboard with Enlarged Touchpad, HD Webcam (15-fb0028nr, 2022)",4.5 ,337,865.00,1099.99,15.6 inches,4 GB,16 GB,Windows 11 Home
"Lenovo Flex 3 Chromebook 2-in-1 11.6"" HD (1366 x 768) Touchscreen Laptop (4-Core MediaTek MT8173C, 4GB RAM, 128GB (64GB eMMC+64GB SD Card)) flip-and-fold, Type-C, Webcam, Chrome OS",4.6 ,142,229.98,,11.6 inches,32 GB,4 GB,Chrome OS
"ASUS Newest Zenbook 14"" 2.8K (2880 x 1800) 90Hz OLED Laptop, 12th Gen Core i5-1240P Processor (Beats i7-1185G7), Backlit Keyboard, Fingerprint Reader, Harman Kardon, Win 11 (8GB RAM | 1TB PCIe SSD)",5.0 ,9,775.99,,14 inches,1 TB,8.0 GB,Windows 11
"ASUS Notebook E210 11.6” Ultra Thin, Intel Celeron N4020 Processor, 4GB RAM, 64GB eMMC Storage, Windows 10 Home in S Mode with One Year of Office 365 Personal, E210MA-DB02,Star Black",4.2 ,580,171.00,,11.6 inches,64 GB,4 GB,Windows 10 Home
"Ruzava Windows 10 Laptop Computers, 14"" 6GB RAM 128GB SSD Support 1TB SSD Expansion, 1920x1080 FHD Traditional Laptop for Work Study Entertainment-Gold",4.1 ,14,269.99,,14 inches,128 GB,6.00 GB,Windows 10
"Dell Newest Inspiron 15 3511 Laptop, 15.6"" FHD Touchscreen, Intel Core i5-1035G1, 12GB RAM, 256GB PCIe NVMe M.2 SSD, SD Card Reader, Webcam, HDMI, WiFi, Windows 11 Home, Black",4.3 ,97,465.00,,15.6 inches,256 GB,12 GB,Windows 11
"Lenovo ThinkPad L380 Yoga 2-in-1 Laptop, 13.3"" FHD Touchscreen, Intel Core i5-8250U, 16GB RAM, 256GB SSD, Fingerprint Reader, Backlit Keyboard, Stylus Pen, Windows 10 Pro (Renewed)",3.3 ,9,285.90,299.50,13.3 inches,-,-,Windows 10 Pro
"HP Newest Flagship 15.6 HD Touchscreen IPS Laptop, 4-Core i5-1135G7(Up to 4.2GHz, Beat i7-1060G7), 16GB RAM, 1TBGB PCIe SSD, Iris Xe Graphics, Bluetooth, WiFi, Windows 11 Home S,w/GM Accessories",4.3 ,183,669.00,,15.6 inches,1 TB,16.0 GB,Windows 11 Home
"Tulasi Laptop Computer, 2023 Laptop, Windows 11 Laptop 12GB RAM 256GB NVMe SSD Intel 4-Cores N5095 Laptops 14 inch 1080P IPS Display, WiFi 5, Bluetooth, USB Type C, Webcam",4.0 ,19,319.00,,14 inches,256 GB,12.0 GB,Windows 11 Pro
"ECOHERO Windows 11 Laptop, 15.6 inches FHD(1920 x 1080) IPS Display, Intel Core i3-5005U, 12GB RAM and 512GB SSD Laptop Computer, 2.4G/5G WiFi, BT5.0 and RJ45, Full Functional Type C, Space Gray",4.3 ,112,349.00,,15.6 inches,512 GB,12.0 GB,Windows 11 Pro
"Lenovo 2022 Legion 5 15.6"" 120Hz Gaming Laptop, AMD Ryzen 5 5600H, 32GB RAM, 1TB PCIe SSD, NVIDIA GeForce RTX 3050Ti, Backlit Keyboard, Phantom Blue, Windows 11, 32GB SnowBell USB Card",4.5 ,24,1038.00,,15.6 inches,1 TB,32 GB,Windows 11 Home
"Lenovo V15 G2 Business Laptop, 15.6"" IPS FHD Display, Intel Core i7-1165G7 Upto 4.7GHz, 16GB RAM, 1TB NVMe SSD, Webcam, Wi-Fi, USB-C, Windows 11 Pro",,,739.99,,15.6 inches,1 TB,-,Window 11 Pro
"Apple 2022 MacBook Air Laptop with M2 chip: 13.6-inch Liquid Retina Display, 8GB RAM, 512GB SSD Storage, Backlit Keyboard, 1080p FaceTime HD Camera. Works with iPhone and iPad; Midnight",4.8 ,1609,1349.00,1499.00,13.6 inches,512 GB,24.0 GB,Mac OS
"ASUS Vivobook Laptop L210 11.6"" Ultra Thin Laptop, Intel Celeron N4020 Processor, 4GB RAM, 128GB eMMC Storage, Windows 11 Home in S Mode with One Year of Office 365 Personal, L210MA-DS04",4.3 ,8256,189.99,249.99,11.6,128 GB,4 GB,Windows 11 S
"Acer 2023 Newest Aspire 5 15.6"" FHD IPS Slim Laptop, Intel Core i3-1115G4(Up to 4.1GHz), 20GB RAM, 1TB NVMe SSD, WiFi 6, USB, RJ-45, Webcam, Amazon Alexa, Windows 11 S, w/GM Accessories",4.3 ,219,519.00,,15.6 inches,-,20 GB,Windows 11
"VGKE [Windows 11 Home] B15 Windows 11 Laptop with Fingerprint Reader, 15.6"" Full HD 1920 * 1080 IPS, Intel Celeron J4125 Processor, 12GB RAM LPDDR4, 256GB SSD, Backlit Keyboard",4.1 ,223,327.99,,15.6 inches,256 GB,12 GB,Windows 11
"HP 15.6"" Laptop, Intel Core i5-1135G7 Processor, Intel Iris Xe Graphics, 15.6"" FHD Anti-Glare Display, Online Meeting Ready, HDMI, Wi-Fi and Bluetooth, Windows 11 Home(32GB RAM | 1TB SSD)",4.2 ,43,649.98,699.00,15.6 inches,1 TB,-,Windows 11
HP Laptop Touchscreen 17inch Laptop Envy| Intel Core i7-1255U Laptop| Windows11 Pro| Backlit Keyboard| Stylus Pen| Thunderbolt4 USB TypeC| Wi-Fi 6E| Fingerprint (64GB RAM | 2TB PCIe SSD),,,1590.99,,17 inches,2 TB,64.0 GB,Windows 11 Pro
"HP 2023 Newest 15 inch Laptop, Intel Quad-Core Processor, 8GB RAM, 256GB SSD, Wi-Fi, Bluetooth, HDMI, Windows 11 Home, Bundle with JAWFOAL",4.2 ,38,389.99,,15 inches,256 GB,8.0 GB,Windows 11 Home
"BiTECOOL 14-inch Windows 11 Laptop, 12GB RAM, 256GB NVMe SSD, up to 2100MB/S, FHD IPS Display, Intel Celeron N5095 Quad Core, 5G WiFi, BT4.2, Type C and Camera Cover, Lightweight and Portable",4.4 ,92,299.00,319.00,14 inches,256 GB,12.0 GB,Windows 11 Pro
"HP 2022 15.6"" FHD Laptop, AMD Ryzen 5-5500U Processor(Beats Intel i7-1065G7), 12GB RAM, 512GB PCIe SSD, AMD Radeon Graphics, HD Webcam, Bluetooth, Wi-fi, Win 11, Blue, 32GB USB Business Card",4.3 ,97,539.00,,15.6 inches,512 GB,16 GB,Windows 11
"Dell Latitude 7490 Business Laptop, 14"" FHD (1920 x 1080) Laptop, Intel Core i5-8350U 1.7GHz, 16GB DDR4 RAM, 512GB SATA SSD, Webcam, Bluetooth, Windows 10 Pro (Renewed)",4.2 ,126,249.93,267.90,14 inches,512 GB,16 GB,Windows 10 Pro
"2022 Newest HP 14 Laptop, 14in HD IPS Display, AMD Ryzen 3 3250U Processor, Radeon Graphics, 16GB RAM, 1TB SSD, USB Type-C, HDMI, Long Battery Life Up to 10 Hours, Windows 11 + Microfiber Cloth",4.4 ,178,429.00,,14 inches,128 GB,16.0 GB,Windows 11
"HP Newest Envy x360 2-in-1 15.6"" FHD Touchscreen Business Laptop, Intel Core i5-1135G7(Beats i7-1065G7), 16GB 3200MHz RAM, 1TB NVMe SSD, Fingerprint, Webcam, Backlit KB, Win 10 H, GM Accessories",4.4 ,67,799.99,,15.6 inches,1 TB,16.0 GB,Windows 10
"Acer Swift 3 Thin & Light Laptop | 14"" Full HD IPS 100% sRGB Display | AMD Ryzen 7 5700U Octa-Core Processor | 8GB LPDDR4X | 512GB NVMe SSD | WiFi 6 | Backlit KB | FPR | Amazon Alexa | SF314-43-R2YY",4.4 ,705,522.75,,14 inches,64 GB,8 GB,Windows 10 Home
"HP EliteBook 830 G6 13.3"" FHD Laptop, Intel Core i7-8665U up to 3.8GHz, 16GB DDR4 RAM, 512GB SSD, HDMI, Windows 11 Pro 64Bit (Renewed)",,,318.56,344.00,,,,
"Lenovo ThinkPad P51s Mobile Workstation Laptop - Windows 10 Pro, Core i7-7600U, 16GB RAM, 500GB SSD, 15.6-inch FHD 1080p IPS Display, NVIDIA Quadro M520M, Backlit Keyboard, Fingerprint (Renewed)",3.8 ,8,518.99,,15.6 inches,500,16 GB,Windows 10 Pro
"HP Stream 11 Laptop, Intel Celeron N4020, 4 GB RAM, 64 GB Storage, 11.6” HD Anti-Glare Display, Windows 11, Long Battery Life, Thin & Portable, Includes Microsoft 365 (11-ak0040nr, 2021 Diamond White)",4.3 ,1214,229.00,,11.6 inches,0 TB,4 GB,Windows 11 Home
"BiTECOOL Windows 11 Laptop, 15.6 inches Full HD IPS Display, Intel Celeron N4120 Quad Core, 12GB RAM and 256GB SSD Laptop Computer, 2.4/5G WiFi, BT4.2, Full Size Keyboard and Ultra Slim",3.7 ,11,319.00,339.00,15.6 inches,256 GB,12.0 GB,Windows 11
"Lenovo ThinkPad L380 Yoga 2-in-1 Laptop, 13.3"" FHD Touchscreen, Intel Core i5-8250U, 16GB RAM, 256GB SSD, Fingerprint Reader, Backlit Keyboard, Stylus Pen, Windows 10 Pro (Renewed)",3.3 ,9,285.90,299.50,13.3 inches,-,-,Windows 10 Pro
"BiTECOOL Windows 11 Laptop, 2022 New 15.6 inches Full HD IPS Display Pc ",4.2 ,23,279.00,299.00,15.6 inches,256 GB,8.0 GB,Windows 11
"BiTECOOL Windows 11 Laptop, 15.6 inches HD Clear Display, Intel Celeron J4005 Dual Core, 6GB RAM and 256GB SSD Laptop Computer, 2.4G WiFi, BT4.0, Long Lasting Battery, Mic",3.8 ,5,219.00,239.00,15.6 inches,256 GB,6.0 GB,Windows 11
HP 2020 Flagship 14 Chromebook Laptop Computer 14-inch HD SVA Anti-Glare Display Intel Celeron N5000 Processor 4GB DDR4 64GB eMMC WiFi Webcam Chrome OS (Renewed),4.4 ,2441,159.99,199.99,14 inches,64 GB,4 GB,Chrome OS
"HP 2022 Premium 14-inch HD Thin and Light Laptop, Intel Quad-Core Processor, 32GB RAM, 64GB Storage, Long Battery Life, Webcam, Bluetooth, HDMI, Wi-Fi, Rose Gold, Windows 11 + 1 Year Microsoft 365",4.1 ,392,399.00,,14 inches,64 GB,32 GB,Windows 11
"HP 2023 Newest 14 Laptop for Productivity and Entertainment,14"" FHD Display, 8GB RAM, 256GB SSD, AMD Ryzen 3 Processor Upto 3.5GHz, Type-C, HDMI, Fast Charge, 10 Hrs Long Battery Life, Windows 11",4.1 ,10,339.45,,14 inches,256 GB,-,Windows 11
"Lenovo Ideapad 3i Flagship 14"" FHD Laptop for Business and Students Essential, 12GB RAM, 512GB NVMe SSD, Intel Dual Core Processor, Wi-Fi 6, Webcam, HDMI, Dolby Audio, Windows 11 Home, GM Accessories",4.4 ,57,369.00,,14 inches,512 GB,12 GB,Windows 11 S
"2022 Samsung Galaxy Book Odyssey 15.6"" FHD (Intel Core i7-11600H, 32GB RAM, 1TB SSD, RTX 3050 Ti) Mobile Workstaion Business Laptop, Backlit KB, Fingerprint, Type-C, Webcam, IST HDMI, Win 11 pro",,,1299.98,,15.6 inches,1 TB,32 GB,Windows 11 Pro
"HP 2022 Victus Gaming Laptop, 15.6"" FHD 144Hz Display, 12th Gen Intel 8-Core i5-12450H, GeForce GTX 1650, 32GB RAM, 1TB SSD, USB-C, HDMI, RJ45, SD Card Reader, WiFi 6, Backlit Keyboard, Win 11",4.4 ,17,759.99,,15.6 inches,1 TB,32 GB,Windows 11
"Apple 2022 MacBook Pro Laptop with M2 chip: 13-inch Retina Display, 8GB RAM, 512GB ​​​​​​​SSD ​​​​​​​Storage, Touch Bar, Backlit Keyboard, FaceTime HD Camera. Works with iPhone and iPad; Silver",4.7 ,898,1349.00,1499.00,13.3 inches,512 GB,8 GB,Mac OS
"OEM Lenovo ThinkPad E15 Gen 2 15.6"" FHD IPS, AMD Ryzen 7 4700U Octa Core (Beats Intel i7-1255U), 40GB RAM, 1TB NVMe, W10P, Business Laptop",5.0 ,5,859.95,929.95,15.6 inches,1 TB,40 GB,Windows 10 Pro
"HP 2023 Newest 15 inch Laptop, Intel Quad-Core Processor, 8GB RAM, 256GB SSD, Wi-Fi, Bluetooth, HDMI, Windows 11 Home, Bundle with JAWFOAL",4.2 ,38,389.99,,15 inches,256 GB,8.0 GB,Windows 11 Home
"[Win 11 & MS Office 2019] 15.6’’ High-Speed Celeron N5105 Quad Core Processor Laptop Full HD IPS Screen 16GB RAM 512GB SSD Notebook 180°Opening and Closing Dual Band WiFi(16G+512GB SSD, Rose Gold)",3.9 ,30,418.99,,15.6 inches,512 GB,8 GB,Windows 11 Pro
"2022 Newest HP Laptop with Microsoft Office Included 1-Year, 15.6"" HD Screen, AMD Athlon 3050U 16GB RAM 1TB SSD HDMI Port Webcam Gold White Windows 11 | College Student Bundle, ROKC HDMI Cable",4.2 ,154,529.99,,15.6 inches,1000 GB,16.0 GB,Windows 11 Home
"2022 15.6"" HP Pavilion FHD Touchscreen Laptop, AMD Ryzen 7 5700U(8 Cores, Up to 4.3GHz), 64GB DDR4 RAM, 2TB NVMe SSD, Backlit KB, WiFi 6, Webcam, HDMI, AMD Radeon Graphics, Win 10 H w/ Accessories",4.4 ,28,1009.99,,15.6 inches,2 TB,64 GB,Windows 10 Home
"ASUS TUF Gaming A17 (2022) Gaming Laptop, 17.3” 144Hz FHD IPS-Type Display, AMD Ryzen 7 6800H, GeForce RTX 3050 Ti, 16GB DDR5, 512GB PCIe SSD, Wi-Fi 6, Windows 11 Home, Mecha Gray, FA707RE-MS73",4.8 ,6,1239.99,,17.3 inches,512 GB,16 GB,Windows 11 Home
"HP Elitebook 8470p 14 Inch Laptop, Intel Core i5 3320M 2.6G, 8G DDR3,240G SSD,DVD,Windows 10 Pro (Renewedd)",3.9 ,87,223.03,237.15,14 inches,240 GB,8 GB,Windows 10
"HP EliteBook 840 G3 Laptop 14-inch HD Display, Intel Core i5-6200U 2.3Ghz, 256GB SSD, 16GB DDR4 RAM, Webcam, WiFi, Windows 10 Pro (Renewed)",4.1 ,1297,167.09,192.00,14 inches,256 GB,16 GB,Windows 10 Pro
"LG Gram 17Z95P Laptop 17"" Ultra-Lightweight, IPS, (2560 x 1600), Intel Evo 11th gen CORE i7, 16GB RAM, 1TB SSD, Windows 11 Home, 80Wh Battery, Alexa Built-in, 2X USB-C, HDMI, USB-A – Black",4.3 ,56,1099.99,1849.99,17 inches,1 TB,16 GB,Windows 11
"Lenovo IdeaPad 2023 Newest 14"" HD Laptop Computer for Business, Quad Core Intel Pentium N5030 (Upto 3.1GHz), 4GB RAM, 128GB eMMC,WiFi, Webcam, 10+ Hours Battery, Microsoft 365, Win 11S+MarxsolCables",3.6 ,4,229.00,,14 inches,128 GB,4 GB,Windows 11 S
"HP Newest 17 Laptop, 17.3"" HD+ Display, 11th Gen Intel Core i3-1115G4 Processor, 32GB RAM, 1TB PCIe SSD, Webcam, Bluetooth, HDMI, RJ-45, Windows 11 Home, Silver",4.1 ,157,591.95,,17.3 inches,1 TB,32 GB,Windows 11 Home
"HP 2022 Victus 15.6"" FHD 144Hz Gaming Laptop, Intel 12th Core i5-12450H, 32GB RAM, 1TB PCIe SSD, NVIDIA GeForce GTX 1650 Graphics, Backlit Keyboard, Win 11 Pro, Mica Silver, 32GB Snowbell USB Card",4.8 ,11,869.00,,15.6 inches,1 TB,32 GB,Windows 11 Pro
"ECOHERO Windows 11 Laptop, 15.6 inches FHD(1920 x 1080) IPS Display, Intel Core i3-5005U, 12GB RAM and 512GB SSD Laptop Computer, 2.4G/5G WiFi, BT5.0 and RJ45, Full Functional Type C, Space Gray",4.3 ,112,349.00,,15.6 inches,512 GB,12.0 GB,Windows 11 Pro
"BiTECOOL Windows 11 Laptop, 2022 New 15.6 inches Full HD IPS Display Pc Laptops, Intel Celeron J4125 Quad Core, 8GB RAM and 256GB SSD, BT4.2, 2.4/5G WiFi, Full Size Keyboard, Slim",4.2 ,23,279.00,299.00,15.6 inches,256 GB,8.0 GB,Windows 11
"Tulasi Laptop Computer, 2023 Laptop, Windows 11 Laptop 12GB RAM 256GB NVMe SSD Intel 4-Cores N5095 Laptops 14 inch 1080P IPS Display, WiFi 5, Bluetooth, USB Type C, Webcam",4.0 ,19,319.00,,14 inches,256 GB,12.0 GB,Windows 11 Pro
"HP EliteBook 840 G3 Laptop 14-inch HD Display, Intel Core i5-6200U 2.3Ghz, 256GB SSD, 16GB DDR4 RAM, Webcam, WiFi, Windows 10 Pro (Renewed)",4.1 ,1297,167.09,192.00,14 inches,256 GB,16 GB,Windows 10 Pro
"HP 15 Laptop, 11th Gen Intel Core i5-1135G7 Processor, 8 GB RAM, 256 GB SSD Storage, 15.6” Full HD IPS Display, Windows 10 Home, HP Fast Charge, Lightweight Design (15-dy2021nr, 2020)",4.4 ,2449,453.00,,15.6 inches,256 GB,8 GB,Windows 10 Home
"Lenovo Chromebook C330 2-in-1 Convertible Laptop, 11.6"" HD Display, MediaTek MT8173C, 4GB RAM, 64GB Storage, Chrome OS, Blizzard White",4.5 ,10883,249.00,,11.6 inches,64 GB,4 GB,Chrome OS
"Acer Nitro 5 AN515-57-79TD Gaming Laptop | Intel Core i7-11800H | NVIDIA GeForce RTX 3050 Ti Laptop GPU | 15.6"" FHD 144Hz IPS Display | 8GB DDR4 | 512GB NVMe SSD | Killer Wi-Fi 6 | Backlit Keyboard",4.4 ,2321,814.99,,15.6 inches,512,8 GB,Windows 11 Home
"ASUS Chromebook C425 Clamshell Laptop, 14"" FHD 4-Way NanoEdge, Intel Core m3-8100Y Processor, 8GB RAM, 64GB eMMC Storage, Backlit KB, Silver, Chrome OS, C425TA-DH384",4.2 ,625,224.99,,14 inches,64 GB,8 GB,Chrome OS
"HP 14 Laptop, AMD 3020e, 4 GB RAM, 64 GB eMMC Storage, 14-inch HD Touchscreen, Windows 10 Home in S Mode, Long Battery Life, Microsoft 365, (14-fq0050nr, 2020)",4.4 ,779,299.99,,14 inches,64 GB,4 GB,Windows 10 Home
"ASUS BR1100 Laptop, 11.6"" HD Anti-Glare Display, 180 Degree, Celeron N4500, 4GB, 64GB SSD, MIL-STD 810H Durability, Tamper/Spill-Resistant Keyboard, TPM 2.0, Windows 10 Pro, Dark Grey, BR1100CKA-502Y",4.2 ,90,155.00,,11.6 inches,64 GB,4 GB,Windows 10 Pro
"ASUS Chromebook C403 Rugged & Spill Resistant Laptop, 14.0"" HD, 180 Degree, Intel Celeron N3350 Processor, 4GB RAM, 32GB eMMC, MIL-STD 810G Durability, Dark Blue, Education, Chrome OS, C403NA-WS42-BL",4.3 ,152,168.08,269.99,14 inches,32 GB,4 GB,Chrome OS
"ECOHERO Windows 11 Laptop, 15.6 inches FHD(1920 x 1080) IPS Display, Intel Core i3-5005U, 12GB RAM and 512GB SSD Laptop Computer, 2.4G/5G WiFi, BT5.0 and RJ45, Full Functional Type C, Space Gray",4.3 ,112,349.00,,15.6 inches,512 GB,12.0 GB,Windows 11 Pro
"HP Elitebook 850 G3 15.6 HD, Core i5-6300U 2.4GHz, 16GB RAM, 500GB Solid State Drive, Windows 10 Pro 64Bit, (Renewed)",3.7 ,19,228.90,,15.6 inches,512 GB,16 GB,Windows 10 Pro
"2015 Apple MacBook Pro with intel I7 (15-inch, 16GB RAM, 256GB SSD)- Silver (Renewed)",4.1 ,1040,374.47,419.95,15.4 inches,256 GB,16 GB,OS X 10.10 Yosemite
"HP Laptop X360 14a Chromebook 14"" HD Touchscreen, Entertaining from Any Angle Intel Celeron, 4GB LPDDR4 64GB eMMC WiFi Webcam Stereo Speakers Bluetooth 4.2 Chrome Blue Metallic Color (Renewed)",4.5 ,1364,189.88,239.00,14 inches,64 GB,4 GB,Chrome OS
"HP Newest Flagship 15.6 HD Pavilion Laptop for Business and Student, Intel Pentium Quad-Core Processor, 16GB RAM, 1TB SSD, Online Conferencing, Webcam, HDMI, WiFi, Bluetooth, Fast Charge, Win11, Red",4.3 ,350,499.00,,15.6 inches,1 TB,16.0 GB,Windows 11 S
"ASUS C423NA Chromebook 14"" HD Laptop (Intel Dual Core Celeron Processor N3350, 4GB DDR4 RAM, 64GB SSD) Webcam, WiFi, Bluetooth, Type-C, Google Chrome OS - Silver (Renewed)",4.1 ,1241,127.00,,14 inches,64 GB,4 GB,Chrome OS
"Acer Aspire 5 Slim Laptop 15.6"" IPS FHD 2023, AMD Ryzen 5 5500U 6 core (Beat i7-1160G7, up to 4.0GHz), 24GB RAM 1TB PCIe SSD, Backlit KB, WiFi 6, HDMI, Win 11 w/GM Accessories",4.3 ,81,619.00,,15.6 inches,1 TB,-,Windows 11
"VGKE [Windows 11 Home] B15 Windows 11 Laptop with Fingerprint Reader, 15.6"" Full HD 1920 * 1080 IPS, Intel Celeron J4125 Processor, 12GB RAM LPDDR4, 256GB SSD, Backlit Keyboard",4.1 ,223,327.99,,15.6 inches,256 GB,12 GB,Windows 11
Gateway 15.6 HD Ultra Slim Notebook in Navy Blue Intel Dual Core up to 3.1Ghz 4GB DDR4 128GB SSD Tuned by THX Audio HDMI Cortana Webcam W11 (Renewed),3.8 ,14,139.00,,15.6 inches,128 GB,4 GB,Windows 11
"Lenovo New Ideapad 3 14inch FHD Portable Laptop, Intel Core i7-1165G7(Quad-Core, Up to 4.7GHz ), 20GB RAM, 1TB PCIe SSD, WiFi 6, Fingerprint Reader, Webcam, HDMI, Card Reader, Win11, GM Accessories",4.3 ,16,599.00,,14 inches,1 TB,20 GB,Windows 11 Home
"BiTECOOL 14-inch Windows 11 Laptop, 12GB RAM, 256GB NVMe SSD, up to 2100MB/S, FHD IPS Display, Intel Celeron N5095 Quad Core, 5G WiFi, BT4.2, Type C and Camera Cover, Lightweight and Portable",4.4 ,92,299.00,319.00,14 inches,256 GB,12.0 GB,Windows 11 Pro
"HP 2023 Newest 15 inch Laptop, Intel Quad-Core Processor, 8GB RAM, 256GB SSD, Wi-Fi, Bluetooth, HDMI, Windows 11 Home, Bundle with JAWFOAL",4.2 ,38,389.99,,15 inches,256 GB,8.0 GB,Windows 11 Home
"Lenovo IdeaPad 1 Laptop, 15.6"" HD Display, AMD Athlon Silver 3050U Processor, Windows 11 Home, 12GB RAM, 384GB SSD (128GB eMMC+256GB PCIe SSD), Webcam, HDMI, WiFi 6, USB Type-C, Long Battery Life, PCM",,,399.00,449.00,15.6 inches,-,12.0 GB,Windows 11 Home
"BiTECOOL Windows 11 Laptop, 15.6 inches Full HD IPS Display, Intel Celeron N4120 Quad Core, 12GB RAM and 256GB SSD Laptop Computer, 2.4/5G WiFi, BT4.2, Full Size Keyboard and Ultra Slim",3.7 ,11,319.00,339.00,15.6 inches,256 GB,12.0 GB,Windows 11
"11.6"" HD Windows 10 Professional Slim n Light Laptop - Windows 11 Compatible, 128GB Storage, 4GB RAM, Anti-Glare, Intel 64-bit, Dual-Band WiFi, USB 3.0 - Lightweight Design - C60Bv2 128GB N2 Model",4.1 ,85,149.99,,11.60 inches,128 GB,4.0 GB,Windows 10 Pro
"TECLAST Traditional Laptop Computers 14 inch laptop,8GB RAM Laptop Windows 10(Support Windows 11), 256GB SSD(1TB Expandable),Up to 2.6GHz Intel N4120,1920x1080FHD,2.4G+5G WiFi, BT 4.2,USB3.0,Mini-HDMI",4.5 ,4,169.99,499.99,14.1 inches,8 GB,-,"Windows 11, Windows"
"HP 2022 Victus Gaming Laptop, 15.6"" FHD 144Hz Display, 12th Gen Intel 8-Core i5-12450H, GeForce GTX 1650, 32GB RAM, 1TB SSD, USB-C, HDMI, RJ45, SD Card Reader, WiFi 6, Backlit Keyboard, Win 11",4.4 ,17,759.99,,15.6 inches,1 TB,32 GB,Windows 11
"HP Premium 14-inch HD Thin and Light Laptop, Intel Dual-Core Processor, 8GB RAM, 64GB Storage, Long Battery Life, Webcam, Bluetooth, HDMI, Wi-Fi, Rose Gold, Windows 11 + 1 Year Microsoft 365",4.0 ,156,339.00,,14 inches,64 GB,8.0 GB,Windows 11
"Premium Dell Latitude E6430 14 Inch HD Business Laptop (Intel Core i7-3520M up to 3.6GHz, 16GB DDR3 RAM, 1TB HDD USB, DVD, HDMI, VGA, Windows 10 Pro) (Renewed)",4.0 ,51,199.98,,14 inches,1 TB,16.0 GB,Windows 10 Pro
"HP Pavilion 15 Laptop, 11th Gen Intel Core i7-1165G7 Processor, 16 GB RAM, 512 GB SSD Storage, Full HD IPS micro-edge Display, Windows 10 Pro, Compact Design, Long Battery Life (15-eg0021nr, 2020)",4.5 ,1017,809.00,944.99,15.6 inches,512 GB,16 GB,Windows 10 Pro
"Dell Chromebook 3180 Laptop PC, Intel Celeron N3060 Processor, 4GB Ram, 64GB Solid State Drive, Wi-Fi | Bluetooth, HDMI, USB 3.1 Gen 1, Web Camera, Chrome OS (Renewed) (Non-Touch)",3.9 ,19,68.00,,11.6 inches,64 GB,-,Chrome OS
"HP EliteBook 830 G6 13.3"" FHD, Core i7-8665U 1.9GHz, 16GB RAM, 512GB Solid State Drive, Windows 10 Pro 64Bit, CAM, Touch, (Windows 11 Compatible), (Renewed)",4.1 ,20,275.69,323.00,13.3 inches,512 GB,16 GB,Windows 10
"BiTECOOL Windows 11 Laptop, 2022 New 15.6 inches Full HD IPS Display Pc Laptops, Intel Celeron J4125 Quad Core, 8GB RAM and 256GB SSD, BT4.2, 2.4/5G WiFi, Full Size Keyboard, Slim",4.2 ,23,279.00,299.00,15.6 inches,256 GB,8.0 GB,Windows 11
"BiTECOOL 14-inch Windows 11 Laptop, 12GB RAM, 256GB NVMe SSD, up to 2100MB/S, FHD IPS Display, Intel Celeron N5095 Quad Core, 5G WiFi, BT4.2, Type C and Camera Cover, Lightweight and Portable",4.4 ,92,299.00,319.00,14 inches,256 GB,12.0 GB,Windows 11 Pro
"Lenovo 2023 14"" HD IPS Laptop, Windows 11, Intel 4-Core Pentium Processor Up to 3.10GHz, 4GB Ram, 256GB SSD, Super-Fast 6th Gen WiFi (Renewed)",,,189.99,,14 inches,256 GB,-,Windows 11
"Apple MacBook Pro MD101LL/A - 13.3-inch Laptop - Intel Core i5 2.5GHz, 4GB RAM, 128GB HDD (Renewed)",3.8 ,611,249.99,276.00,13.3 inches,128 GB,4 GB,Mac OS
"2022 Upgraded Ideapad 1i Laptops for College Student & Business by Lenovo, 14-inch HD Computer, Intel Celeron N4020, 4GB RAM, 128GB(64GB SSD+64GB Card), 1-Year MS Office 365, HDMI, Webcam, Windows 11",5.0 ,3,199.99,,14 inches,64 GB,4.0 GB,Windows 11
"HP 17 Laptop PC, 11 Generation Intel Core, 4 GB RAM, 256 GB SSD, UHD Graphics, 17.3"" HD+ Display, Windows 11 Home, Wi-Fi & Bluetooth Combo, 7 Ports, Long Battery Life, HD Webcam (17-by4025nr, 2022)",4.4 ,1088,493.99,,17.3 inches,256 GB,4 GB,Windows 11 Home
"HP Victus 15.6"" Gaming Laptop PC, NVIDIA GeForce RTX 3050 Ti, AMD Ryzen 7 5800H, Refined 1080p IPS Display, Compact Design, All-in-One Keyboard with Enlarged Touchpad, HD Webcam (15-fb0028nr, 2022)",4.5 ,337,865.00,1099.99,15.6 inches,4 GB,16 GB,Windows 11 Home
"HP Pavilion Laptop, 15.6"" HD Display, Intel Pentium Quad-Core Processor, 32GB DDR4 RAM, 1TB SSD, Online Conferencing, Webcam, HDMI, Bluetooth, WiFi, Windows 11",4.3 ,318,499.00,529.00,15.6 inches,1 TB,32.0 GB,Windows 11
"HP Chromebook 11-inch Laptop - Up to 15 Hour Battery Life - MediaTek - MT8183 - 4 GB RAM - 32 GB eMMC Storage - 11.6-inch HD Display - with Chrome OS™ - (11a-na0021nr, 2020 model, Snow White)",4.4 ,2963,198.00,259.99,11.6 inches,32 GB,4 GB,Chrome OS
"HP ZBook Fury G8 Mobile Workstation, 17.3"" FHD Display, Intel Core i5-11500H, 32GB RAM, 1TB SSD + 2TB HDD, IR Camera, RJ45, Mini DisplayPort, HDMI, FP Reader, Backlit KB, Wi-Fi 6, Windows 11 Pro",5.0 ,3,1469.00,,17.3 inches,1 TB,32 GB,Windows 11 Pro
"Minisopuru Triple Display Docking Station with Power Supply Laptop Charge, USB C Docking Station for MacBook Pro/Air M1 M2 & Windows, Laptop Docking Station with 3 HDMI,10Gbps USB C/A Data, Ethernet",4.3 ,128,159.89,,,,,
"Lenovo ThinkPad L380 Yoga 2-in-1 Laptop, 13.3"" FHD Touchscreen, Intel Core i5-8250U, 16GB RAM, 256GB SSD, Fingerprint Reader, Backlit Keyboard, Stylus Pen, Windows 10 Pro (Renewed)",3.3 ,9,285.90,299.50,13.3 inches,-,-,Windows 10 Pro
"BiTECOOL Windows 11 Laptop, 2022 New 15.6 inches Full HD IPS Display Pc Laptops, Intel Celeron J4125 Quad Core, 8GB RAM and 256GB SSD, BT4.2, 2.4/5G WiFi, Full Size Keyboard, Slim",4.2 ,23,279.00,299.00,15.6 inches,256 GB,8.0 GB,Windows 11
"Tulasi Laptop Computer, 2023 Laptop, Windows 11 Laptop 12GB RAM 256GB NVMe SSD Intel 4-Cores N5095 Laptops 14 inch 1080P IPS Display, WiFi 5, Bluetooth, USB Type C, Webcam",4.0 ,19,319.00,,14 inches,256 GB,12.0 GB,Windows 11 Pro
"HP Stream 14"" HD Thin and Light Laptop, Intel Celeron N4120 Processor, 4GB Memory, 64GB eMMC Storage, WiFi 5, Webcam, HDMI, 1 Year Office 365, Windows 11 S, Rose Gold, W/IFT 2-Week Care-Service",4.9 ,18,289.00,,14 inches,64 GB,4 GB,Windows 11 S
"Lenovo Flex 5i 14"" Laptop Intel Core i3-1115G4 8GB RAM 256GB Solid State Drive NVMe Windows 11 Home in S Mode (Renewed)",4.7 ,24,249.99,,14 inches,256 GB,8 GB,"Windows 11 Home, English"
Dell Latitude 7480 14in FHD Laptop PC - Intel Core i7-6600U 2.6GHz 16GB 512GB SSD Windows 10 Professional (Renewed),4.1 ,455,264.00,280.00,14 inches,512 GB,16 GB,Windows 10 Pro
"HP 17 Laptop PC, 11 Generation Intel Core, 4 GB RAM, 256 GB SSD, UHD Graphics, 17.3"" HD+ Display, Windows 11 Home, Wi-Fi & Bluetooth Combo, 7 Ports, Long Battery Life, HD Webcam (17-by4025nr, 2022)",4.4 ,1088,493.99,,17.3 inches,256 GB,4 GB,Windows 11 Home
"Dell Chromebook 3180 Laptop PC, Intel Celeron N3060 Processor, 4GB Ram, 64GB Solid State Drive, Wi-Fi | Bluetooth, HDMI, USB 3.1 Gen 1, Web Camera, Chrome OS (Renewed) (Non-Touch)",3.9 ,19,68.00,,11.6 inches,64 GB,-,Chrome OS
"VGKE [Windows 11 Home] B15 Windows 11 Laptop with Fingerprint Reader, 15.6"" Full HD 1920 * 1080 IPS, Intel Celeron J4125 Processor, 12GB RAM LPDDR4, 256GB SSD, Backlit Keyboard",4.1 ,223,327.99,,15.6 inches,256 GB,12 GB,Windows 11
"ASUS BR1100 Laptop, 11.6"" HD Anti-Glare Display, 180 Degree, Celeron N4500, 4GB, 64GB SSD, MIL-STD 810H Durability, Tamper/Spill-Resistant Keyboard, TPM 2.0, Windows 10 Pro, Dark Grey, BR1100CKA-502Y",4.2 ,90,155.00,,11.6 inches,64 GB,4 GB,Windows 10 Pro
"ASUS VivoBook 15 Thin and Light Laptop, 15.6” FHD Display, Intel i3-1005G1 CPU, 8GB RAM, 128GB SSD, Backlit Keyboard, Fingerprint, Windows 10 Home in S Mode, Slate Gray, F512JA-AS34",4.5 ,5846,335.00,419.99,15.6 inches,128 GB,8 GB,Windows 10 Home
"ECOHERO Windows 11 Laptop, 15.6 inches FHD(1920 x 1080) IPS Display, Intel Core i3-5005U, 12GB RAM and 512GB SSD Laptop Computer, 2.4G/5G WiFi, BT5.0 and RJ45, Full Functional Type C, Space Gray",4.3 ,112,349.00,,15.6 inches,512 GB,12.0 GB,Windows 11 Pro
"BiTECOOL 14-inch Windows 11 Laptop, 12GB RAM, 256GB NVMe SSD, up to 2100MB/S, FHD IPS Display, Intel Celeron N5095 Quad Core, 5G WiFi, BT4.2, Type C and Camera Cover, Lightweight and Portable",4.4 ,92,299.00,319.00,14 inches,256 GB,12.0 GB,Windows 11 Pro
"ASUS VivoBook 14 Slim Laptop, 14"" FHD Display, Intel Core i3-1215U CPU, Intel UHD Graphics, 4GB DDR4 RAM, 128GB SSD, Fingerprint Sensor, Windows 11 Home, Quiet Blue, F1402ZA-AB31",4.4 ,12,300.00,369.99,14 inches,128 GB,4 GB,Windows 11 Home
"HP Newest 14"" FHD Laptop for Students and Business, AMD Ryzen 3 3250U(Up to 3.5GHz), 16GB DDR4 RAM, 1TB PCIe SSD, Webcam, Fast Charge, Long Battery Life, HDMI, WiFi 5, Win 11 S, CUE Accessories",4.4 ,101,407.72,,14 inches,1 TB,16 GB,Windows 11 S
"HP 2022 Newest Pavilion Laptop, 15.6"" Full HD Touchscreen, 12th Gen Intel Core i7-1255U, 32GB DDR4 RAM, 2TB PCIe SSD, Webcam, Backlit Keyboard, HDMI, Bluetooth, Wi-Fi 6, Windows 11 Home, Blue",4.4 ,11,969.99,,15.6 inches,2 TB,32 GB,Windows 11 Home
"Microsoft Surface Pro 3 (256 GB, Intel Core i5)(Windows 10 Professional 64 bit) (Renewed)",3.8 ,848,265.95,799.99,12 inches,256 GB,8 GB,Windows 10 Pro
"Microsoft Surface Laptop Go - 12.4"" Touchscreen - Intel Core i5 - 8GB Memory - 128GB SSD - Sandstone",4.5 ,1313,480.78,,12.4 inches,128 GB,8 GB,Windows 10 S
"Apple MacBook Air 13"" (Mid 2013) - Core i5 1.3GHz, 4GB RAM, 128GB SSD (Renewed)",4.2 ,82,262.15,,13.3 inches,128 GB,4 GB,Mac OS
"Lenovo IdeaPad 3i 15.6"" FHD Gaming Laptop 2022, 11th Gen Intel i5-11300H(up to 4.4GHz), 16GB RAM 1TB NVMe SSD, GeForce GTX 1650, USB-A&C RJ45, Windows 11",4.5 ,49,810.00,,15.6 inches,1 TB,16 GB,Windows 11 Home
"ASUS 2022 14"" HD Laptop, Intel Celeron N4020 Processor, 4GB RAM, 128GB eMMC Flash Memory, Intel HD Graphics 500, HD Webcam, Windows 11 Home, Star Black, 32GB SnowBell USB Card",4.4 ,52,199.00,,14 inches,128 GB,4 GB,Windows 11
"BiTECOOL Windows 11 Laptop, 15.6 inches Full HD IPS Display, Intel Celeron N4120 Quad Core, 12GB RAM and 256GB SSD Laptop Computer, 2.4/5G WiFi, BT4.2, Full Size Keyboard and Ultra Slim",3.7 ,11,319.00,339.00,15.6 inches,256 GB,12.0 GB,Windows 11
"Lenovo ThinkPad L380 Yoga 2-in-1 Laptop, 13.3"" FHD Touchscreen, Intel Core i5-8250U, 16GB RAM, 256GB SSD, Fingerprint Reader, Backlit Keyboard, Stylus Pen, Windows 10 Pro (Renewed)",3.3 ,9,285.90,299.50,13.3 inches,-,-,Windows 10 Pro
"Tulasi Laptop Computer, 2023 Laptop, Windows 11 Laptop 12GB RAM 256GB NVMe SSD Intel 4-Cores N5095 Laptops 14 inch 1080P IPS Display, WiFi 5, Bluetooth, USB Type C, Webcam",4.0 ,19,319.00,,14 inches,256 GB,12.0 GB,Windows 11 Pro
"Lenovo IdeaPad 1 Laptop, 15.6"" HD Display, AMD Athlon Silver 3050U Processor, Windows 11 Home, 12GB RAM, 384GB SSD (128GB eMMC+256GB PCIe SSD), Webcam, HDMI, WiFi 6, USB Type-C, Long Battery Life, PCM",,,399.00,449.00,15.6 inches,-,12.0 GB,Windows 11 Home
"ASUS VivoBook L203MA Ultra-Thin Laptop, Intel Celeron N4000 Processor, 4GB LPDDR4, 64GB eMMC, 11.6” HD, USB-C, Windows 10 in S Mode (Switchable to Pro), L203MA-DS04, One Year of Microsoft Office 365",4.3 ,6429,172.00,249.99,11.6 inches,64 GB,4 GB,Windows 10 S
"2022 New HP 15 Laptop, 15.6"" HD LED Display, Intel Dual-Core Processor, Intel UHD Graphics, 16GB DDR4 RAM, 1TB SSD, Ethernet Port, USB Type-C, Long Battery Life, Windows 11 (Renewed)",4.3 ,11,355.00,479.00,15.6 inches,1 TB,16 GB,Windows 11
"ASUS 2022 Student Laptop Computer (Military-Grade Duability), 11.6"" HD Eye-Care Dsiplay, Intel Celeron N4500, WiFi-6, 1 Year Accidental Damage Protection, Windows 10 Pro (4GB RAM | 256GB Storage)",3.8 ,519,189.99,,11.6 inches,256 GB,4.0 GB,Windows 10 Pro
"Lenovo 15.6'' IdeaPad Laptop (Latest Model), AMD Athlon Dual Core Processor, 640GB SSD (128GB eMMC+512GB PCIe SSD), Webcam, HDMI, WiFi 6, USB Type-C, Long Battery Life, NLY MP, Windows 11, Grey",3.9 ,35,349.99,449.99,15.6 inches,512 GB,8.0 GB,Windows 11 S
Samsung Chromebook 3 Intel N3060 4GB 16GB 11.6-inch LED Google Chrome OS Laptop (Renewed),4.4 ,40,79.98,266.41,11.6 inches,16 GB,16 GB,Chrome OS
"Lenovo 100E Chromebook 2ND Gen Laptop, 11.6"" HD (1366 X 768) Display, MediaTek MT8173C Processor, 4GB LPDDR3 RAM, 16GB eMMC TLC SSD, Powervr GX6250, Chrome OS, 81QB000AUS, Black",4.5 ,1245,139.00,159.99,11.6 inches,16 GB,4 GB,Chrome OS
"KANGBUKE Android OS Laptop,10.1-Inch IPS(1280 * 800) Display, Built-in WiFi, Front Camera, Bluetooth,Mini Netbook pc. (Pink)",3.2 ,17,99.99,,10.1 inches,64 GB,-,Android 12.0 OS
"HP Laptop X360 14a Chromebook 14"" HD Touchscreen, Entertaining from Any Angle Intel Celeron, 4GB DDR4 64GB eMMC WiFi Webcam Stereo Speakers Bluetooth 4.2 Chrome Blue Metallic Color",4.5 ,977,239.00,,14 inches,64 GB,4 GB,Chrome OS
"BiTECOOL Windows 11 Laptop, 15.6 inches Full HD IPS Display, Intel Celeron N4120 Quad Core, 12GB RAM and 256GB SSD Laptop Computer, 2.4/5G WiFi, BT4.2, Full Size Keyboard and Ultra Slim",3.7 ,11,319.00,339.00,15.6 inches,256 GB,12.0 GB,Windows 11
"BiTECOOL 14-inch Windows 11 Laptop, 12GB RAM, 256GB NVMe SSD, up to 2100MB/S, FHD IPS Display, Intel Celeron N5095 Quad Core, 5G WiFi, BT4.2, Type C and Camera Cover, Lightweight and Portable",4.4 ,92,299.00,319.00,14 inches,256 GB,12.0 GB,Windows 11 Pro
"HP 17 Laptop PC, 11 Generation Intel Core, 4 GB RAM, 256 GB SSD, UHD Graphics, 17.3"" HD+ Display, Windows 11 Home, Wi-Fi & Bluetooth Combo, 7 Ports, Long Battery Life, HD Webcam (17-by4025nr, 2022)",4.4 ,1088,493.99,,17.3 inches,256 GB,4 GB,Windows 11 Home
"ASUS Vivobook Laptop, 17.3"" HD+ (1600x900) Non-Touch Display, Intel Core i5 Quad-Core Processor, 20GB DDR4 RAM, 512GB PCIe NVMe M.2 SSD, Webcam, HDMI, USB Type-C, Wi-Fi 5, Windows 11 Home, Silver",4.2 ,173,503.34,,17.3 inches,512 GB,20 GB,Windows 11 Home
"HP 15.6"" HD Touchscreen Laptop, Intel Core i5-1155G7, 12GB RAM, 256GB SSD, Intel Iris Xe Graphics, Windows 11 Home",4.1 ,11,482.98,,15.6 inches,256 GB,12 GB,Windows 11 S
"Dell Latitude E7270 UltraBook Screen Business Laptop (Intel Core i5-6300U, 8GB Ram, 256GB Solid State SSD, HDMI, Camera, WiFi, Smart Card Reader) Win 10 Pro (Renewed)",4.2 ,490,139.98,149.00,12.5 inches,256 GB,8 GB,Windows 10 Pro
"Acer Aspire 3 A315-24P-R7VH Slim Laptop | 15.6"" Full HD IPS Display | AMD Ryzen 3 7320U Quad-Core Processor | AMD Radeon Graphics | 8GB LPDDR5 | 128GB NVMe SSD | Wi-Fi 6 | Windows 11 Home in S Mode",4.5 ,35846,378.95,,15.6 inches,128 GB,8 GB,Windows 11 S
"Lenovo 14"" IdeaPad 1 Laptop, Intel Dual-core Processor, 14"" HD Display, 4GB RAM, Wi-Fi 6 and Bluetooth, HDMI, SD Card Reader, Windows 11 Home in S Mode (1TB SSD Storage)",4.0 ,47,249.00,,14 inches,1 TB,64.0 GB,Windows 11
ASUS E410 Intel Celeron N4020 4GB 64GB 14-Inch HD LED Win 10 Laptop (Star Black),4.2 ,499,179.99,349.00,14 inches,64 GB,4 GB,Windows 10
"Microsoft Surface Laptop Go 2-12.4"" Touchscreen - Intel Core i5 8GB Memory - 128 SSD - Sandstone (Latest Model)",4.5 ,124,584.20,699.99,12.45 inches,128 GB,8 GB,Windows 11 Home
"Lenovo ThinkPad L380 Yoga 2-in-1 Laptop, 13.3"" FHD Touchscreen, Intel Core i5-8250U, 16GB RAM, 256GB SSD, Fingerprint Reader, Backlit Keyboard, Stylus Pen, Windows 10 Pro (Renewed)",3.3 ,9,285.90,299.50,13.3 inches,-,-,Windows 10 Pro
300W 20V 15A ADL300SDC3A Laptop Charger Fit for Lenovo ThinkPad - 9000P 9000K Y9000K Y9000X SA10R16956 5A10W86289 Laptop AC Adapter 230GB B A17-180P1A Gaming Laptop Adapter,,,78.88,,,,,
"BiTECOOL Windows 11 Laptop, 2022 New 15.6 inches Full HD IPS Display Pc Laptops, Intel Celeron J4125 Quad Core, 8GB RAM and 256GB SSD, BT4.2, 2.4/5G WiFi, Full Size Keyboard, Slim",4.2 ,23,279.00,299.00,15.6 inches,256 GB,8.0 GB,Windows 11
"Tulasi Laptop Computer, 2023 Laptop, Windows 11 Laptop 12GB RAM 256GB NVMe SSD Intel 4-Cores N5095 Laptops 14 inch 1080P IPS Display, WiFi 5, Bluetooth, USB Type C, Webcam",4.0 ,19,319.00,,14 inches,256 GB,12.0 GB,Windows 11 Pro
"Lenovo Ideapad 1i Laptop, 14"" HD Screen, Intel Pentium Silver N5030 Processor, 4GB RAM, 256GB PCIe SSD + 128GB eMMC, Webcam, HDMI, SD Card Reader, Wi-Fi 6, Windows 11 Home, Cloud Grey",5.0 ,1,234.00,,14 inches,256 GB,4 GB,Windows 11 Home
"HP 2023 15'' HD IPS Laptop, Windows 11, Intel Pentium 4-Core Processor Up to 2.70GHz, 4GB RAM, 256GB SSD, HDMI, Super-Fast 6th Gen WiFi, Dale Red (Renewed)",4.2 ,47,285.00,,15 inches,256 GB,4.0 GB,Windows 11
"Dell Latitude 7490 Business Laptop, 14"" FHD (1920 x 1080) Laptop, Intel Core i5-8350U 1.7GHz, 16GB DDR4 RAM, 512GB SATA SSD, Webcam, Bluetooth, Windows 10 Pro (Renewed)",4.2 ,126,249.93,267.90,14 inches,512 GB,16 GB,Windows 10 Pro
"MSI GV15 15.6"" 144Hz Gaming Laptop: Intel Core i5-11400H GTX 1650 8GB 256GB NVMe SSD, Wi-Fi 6, USB Type-C, Nahimic 3 Audio Immersion, Win 11: Black 11SC-633",4.5 ,1774,679.99,750.00,15.6 inches,256 GB,8 GB,Windows 11
Dell Latitude 5590 Business Laptop | 15.6in HD Screen | Intel Quad Core 8th Gen i7-8650U | 16GB DDR4 RAM | 512GB SSD | Windows 10 Professional (Renewed),4.3 ,60,349.99,385.00,15.6 inches,512 GB,16 GB,Windows 10 Pro
"HP Newest Envy x360 2-in-1 15.6"" FHD Touchscreen Business Laptop, Intel Core i5-1135G7(Beats i7-1065G7), 16GB 3200MHz RAM, 1TB NVMe SSD, Fingerprint, Webcam, Backlit KB, Win 10 H, GM Accessories",4.4 ,67,799.99,,15.6 inches,1 TB,16.0 GB,Windows 10
"Lenovo Ideapad 3 Chromebook Business Laptop, 14"" HD Anti-Glare Display, MediaTek MT8183, Chrome OS, 4GB RAM, 64GB eMMC, ARM Mali-G72 MP3, Type-C, Long Battery Life, Abyss Blue, 32GB PC Mall USB Card",5.0 ,4,199.00,,14 inches,64 GB,4.0 GB,Chrome OS
"Acer Swift 3 Thin & Light Laptop | 14"" Full HD IPS 100% sRGB Display | AMD Ryzen 7 5700U Octa-Core Processor | 8GB LPDDR4X | 512GB NVMe SSD | WiFi 6 | Backlit KB | FPR | Amazon Alexa | SF314-43-R2YY",4.4 ,705,522.75,,14 inches,64 GB,8 GB,Windows 10 Home
"ECOHERO Windows 11 Laptop, 15.6 inches FHD(1920 x 1080) IPS Display, Intel Core i3-5005U, 12GB RAM and 512GB SSD Laptop Computer, 2.4G/5G WiFi, BT5.0 and RJ45, Full Functional Type C, Space Gray",4.3 ,112,349.00,,15.6 inches,512 GB,12.0 GB,Windows 11 Pro
"BiTECOOL Windows 11 Laptop, 15.6 inches Full HD IPS Display, Intel Celeron N4120 Quad Core, 12GB RAM and 256GB SSD Laptop Computer, 2.4/5G WiFi, BT4.2, Full Size Keyboard and Ultra Slim",3.7 ,11,319.00,339.00,15.6 inches,256 GB,12.0 GB,Windows 11
"2022 New HP 15 Laptop, 15.6"" HD LED Display, Intel Dual-Core Processor, Intel UHD Graphics, 16GB DDR4 RAM, 1TB SSD, Ethernet Port, USB Type-C, Long Battery Life, Windows 11 (Renewed)",4.3 ,11,355.00,479.00,15.6 inches,1 TB,16 GB,Windows 11
"Dell Inspiron 15 3000 Series 3511 Laptop, 15.6"" FHD Touchscreen, Intel Core i5-1035G1, 16GB DDR4 RAM, 1TB PCIe SSD, SD Card Reader, Webcam, HDMI, Wi-Fi, Windows 11 Home, Black",4.4 ,248,548.99,576.99,15.6 inches,1 TB,16 GB,Windows 11 Home
"Lenovo IdeaPad 1 15.6"" Laptop (2023 Model), AMD Dual-core Athlon 3050U Processor (up to 3.20 GHz, Beats i3-1005G1), 8GB RAM, 256GB SSD, Wi-Fi 6, Bluetooth, Long Battery, Win 11+MarxsolCables",4.0 ,61,319.00,,15.6 inches,256 GB,8 GB,Windows 11 Home
"New HP OMEN - 16.1"" Micro-Edge QHD 2K 165Hz Gaming Laptop - Intel Core i7 11800H - B&O - NVIDIA GeForce RTX 3070 - 16GB Memory 1TB SSD - Ceramic White HDMI2.1 Thunderbolt 4 (Renewed)",,,1299.99,2499.00,16 inches,1 TB,16 GB,Windows 11 Home
"Lenovo ThinkPad P51s Mobile Workstation Laptop - Windows 10 Pro, Core i7-7600U, 16GB RAM, 500GB SSD, 15.6-inch FHD 1080p IPS Display, NVIDIA Quadro M520M, Backlit Keyboard, Fingerprint (Renewed)",3.8 ,8,518.99,,15.6 inches,500,16 GB,Windows 10 Pro
"Lenovo ThinkBook 15 Gen 4 15.6"" FHD Touchscreen (12th Gen Intel 10-Core i7-1255U, 40GB RAM, 1TB PCIe SSD, Narrow Bezel IPS) Business Laptop, Backlit Keyboard, Fingerprint, Thunderbolt 4, Win 11 Pro",4.2 ,32,1129.99,,15.6 inches,1 TB,32 GB,Windows 11 Pro
"ASUS VivoBook 14"" FHD 1080p Laptop, Intel Core i3-1115G4, 8GB RAM, 256GB PCIe SSD, Fingerprint Reader, Backlit Keyboard, HDMI, WiFi, Webcam, Windows 11 Home, Slate Grey",4.5 ,32,313.00,,14 inches,256 GB,8 GB,Windows 11
"2022 HP Victus 15.6"" FHD IPS 144 Hz Gaming Laptop 12th Intel i7-12650H 10-Core Nvidia RTX 3050 Ti 4GB 16GB DDR4 512GB NVMe SSD WiFi 6 RJ-45 Backlit Keyboard Windows 11 Home w/ RATZK 32GB USB",4.6 ,3,1199.00,,15.6 inches,512 GB,16 GB,Windows 11 Home
"BiTECOOL 14-inch Windows 11 Laptop, 12GB RAM, 256GB NVMe SSD, up to 2100MB/S, FHD IPS Display, Intel Celeron N5095 Quad Core, 5G WiFi, BT4.2, Type C and Camera Cover, Lightweight and Portable",4.4 ,92,299.00,319.00,14 inches,256 GB,12.0 GB,Windows 11 Pro
"OTVOC Laptop 15.6 inch Windows 11, VocBook 15, Intel Celeron N5100, 16GB RAM, 512GB PCIE NvMe SSD, 4TB Expansion, 15.6"" FHD IPS, 2.0MP, 2.4G+5G WiFi, Bluetooth 5.0, Type-C, HDMI, RJ45, HDD, Silver",4.6 ,164,399.99,,15.60 inches,512 GB,16.0 GB,Windows 11 Home
"BiTECOOL Windows 11 Laptop, 2022 New 15.6 inches Full HD IPS Display Pc Laptops, Intel Celeron J4125 Quad Core, 8GB RAM and 256GB SSD, BT4.2, 2.4/5G WiFi, Full Size Keyboard, Slim",4.2 ,23,279.00,299.00,15.6 inches,256 GB,8.0 GB,Windows 11
"Tulasi Laptop Computer, 2023 Laptop, Windows 11 Laptop 12GB RAM 256GB NVMe SSD Intel 4-Cores N5095 Laptops 14 inch 1080P IPS Display, WiFi 5, Bluetooth, USB Type C, Webcam",4.0 ,19,319.00,,14 inches,256 GB,12.0 GB,Windows 11 Pro
"Lenovo Ideapad 1 Laptop, 15.6"" HD Screen, AMD Athlon Silver 3050U, 20GB RAM, 1TB PCIe SSD + 128GB eMMC, Webcam, HDMI, Type-C, Wi-Fi 6, Media Card Reader, Windows 11 Home",4.2 ,32,369.00,,15.6 inches,1 TB,20 GB,Windows 11 Home
"Acer Newest Aspire 5 Slim Essential Laptop, 15.6"" FHD IPS Display, 20GB RAM, 512GB SSD, Intel Dual-Core Processor, WiFi 6, USB A&C, RJ-45, Webcam, Amazon Alexa, Windows 11 Home, w/Mouse Pad",4.8 ,12,449.00,,15.6 inches,512 GB,20 GB,Windows 11
Apple MacBook Air MD711LL/B 11.6-Inch Laptop (Renewed),4.1 ,291,242.00,,11.6 inches,1 GB,4 GB,OS X 10.8 Mountain Lion
"RICILAR Windows Laptop, 14 Inch HD Display, Intel Celeron N4020, 4GB RAM, 128GB SSD, Backlit Keyboard, Type C, HDMI, Wi-Fi 5, Silver, School Laptop Computer for Students and Business",3.5 ,30,299.99,379.99,14.1 inches,128 GB,4.0 GB,Windows 10 Home
"HP Pavilion 14-inch HD Laptop, Intel Core i5-1135G7 (Beats i7-1065G7), Intel Iris Xe Graphics, Long Battery Life, Webcam, HDMI, WiFi, Bluetooth, Windows11 (16GB RAM | 1TB SSD)",,,549.00,,14 inches,1 TB,16.0 GB,Windows 11
"Lenovo 15.6"" IdeaPad 1 Laptop, 20GB Memory, 1TB SSD Storage, Intel Pentium Processor (4-cores, 3.3GHz), 15.6"" Anti-glare Display, Wi-Fi 6 and Bluetooth, HDMI, Type-C, 1 Year Office 365,Windows 11 Home",4.3 ,69,394.87,,15.6 inches,1 TB,20 GB,Windows 11
"HP Notebook Laptop, 17.3"" HD+ Display, AMD Athlon Gold 3150U Processor, 12GB RAM, 512GB PCIe SSD, Webcam, Type-C, HDMI, Wi-Fi, Windows 11 Home, Silver",4.5 ,220,459.00,,17.3 inches,512 GB,12 GB,Windows 11 Home
"Apple MacBook Pro MD101LL/A - 13.3-inch Laptop - Intel Core i5 2.5GHz, 4GB RAM, 128GB HDD (Renewed)",3.8 ,611,249.99,276.00,13.3 inches,128 GB,4 GB,Mac OS
"ECOHERO Windows 11 Laptop, 15.6 inches FHD(1920 x 1080) IPS Display, Intel Core i3-5005U, 12GB RAM and 512GB SSD Laptop Computer, 2.4G/5G WiFi, BT5.0 and RJ45, Full Functional Type C, Space Gray",4.3 ,112,349.00,,15.6 inches,512 GB,12.0 GB,Windows 11 Pro
"BiTECOOL Windows 11 Laptop, 15.6 inches Full HD IPS Display, Intel Celeron N4120 Quad Core, 12GB RAM and 256GB SSD Laptop Computer, 2.4/5G WiFi, BT4.2, Full Size Keyboard and Ultra Slim",3.7 ,11,319.00,339.00,15.6 inches,256 GB,12.0 GB,Windows 11
"TECLAST Traditional Laptop Computers 14 inch laptop,8GB RAM Laptop Windows 10(Support Windows 11), 256GB SSD(1TB Expandable),Up to 2.6GHz Intel N4120,1920x1080FHD,2.4G+5G WiFi, BT 4.2,USB3.0,Mini-HDMI",4.5 ,4,169.99,499.99,14.1 inches,8 GB,-,"Windows 11, Windows"
"Asus 2022 VivoBook Business Laptop, 15.6'' FHD Touchscreen, Intel Core i3-1115G4 (Beats i7-8550U), 20GB RAM, 512GB PCIe SSD, Fingerprint, Long Battery Life, SonicMaster Audio, Thin & Light, Win 11",4.4 ,126,499.00,,15.6 inches,512 GB,20.0 GB,Windows 11
"HP 14"" Laptop, AMD 3020e, 4 GB DDR4 RAM, 64 GB eMMC Storage, 14-inch HD Touchscreen Display, Small Computer for Students, Windows 10 Home, Indigo Blue (Renewed)",4.1 ,179,169.99,292.87,14.0 inches,-,4.0 GB,Windows 10 Home
"HP 15 15.6"" Full HD Business Laptop Computer [Windows 11 Pro], Intel 4-core i5-1135G7 (Beats i7-1065G7), 16GB RAM, 512GB PCIe SSD, Iris Xe Graphic, Numeric Keypad, Wi-Fi 6, BT 4.2, Webcam, w/Battery",5.0 ,3,649.00,,15.6 inches,512 GB,16 GB,Windows 11 Pro
"ASUS ZenBook 14 OLED UM3402 14"" QHD+ Touchscreen (AMD Ryzen 7-5825U, 16GB RAM, 512GB SSD, 8-Core (Beat i7-1165G7)) Business Laptop, Backlit, Fingerprint, 19 Hr Battery, IST SD Card, Win 11 Home - 2023",4.0 ,37,849.99,,14 inches,512 GB,-,Windows 11 Home
"Dell New Inspiron i3583 15.6"" HD Touch-Screen Laptop - Intel i5-8265U - 8GB DDR4-256GB SSD - Windows 10 - Wireless-AC - Bluetooth, SD Card Reader, HDMI & USB 3.1 -Waves MaxxAudio Pro- Black",4.4 ,369,462.00,,15.6 inches,256 GB,8 GB,Windows 10
"Bmax X14 Pro 14.1"" Laptop AMD Ryzen 5 3450U (up to 3.5GHz) 8GB DDR4 512GB SSD Gaming Laptop 1920x1080 FHD Thin Traditional Computers Expandable 1TB SSD, HDMI, BT, USB3.0, 2.4G/5G WiFi",3.9 ,45,499.99,,14.1 inches,512 GB,8.0 GB,Windows 10
"Lenovo Ideapad 3 Chromebook Business Laptop, 14"" HD Anti-Glare Display, MediaTek MT8183, Chrome OS, 4GB RAM, 64GB eMMC, ARM Mali-G72 MP3, Type-C, Long Battery Life, Abyss Blue, 32GB PC Mall USB Card",5.0 ,4,199.00,,14 inches,64 GB,4.0 GB,Chrome OS
"BiTECOOL 14-inch Windows 11 Laptop, 12GB RAM, 256GB NVMe SSD, up to 2100MB/S, FHD IPS Display, Intel Celeron N5095 Quad Core, 5G WiFi, BT4.2, Type C and Camera Cover, Lightweight and Portable",4.4 ,92,299.00,319.00,14 inches,256 GB,12.0 GB,Windows 11 Pro
"BiTECOOL Windows 11 Laptop, 15.6 inches HD Clear Display, Intel Celeron J4005 Dual Core, 6GB RAM and 256GB SSD Laptop Computer, 2.4G WiFi, BT4.0, Long Lasting Battery, Mic",3.8 ,5,219.00,239.00,15.6 inches,256 GB,6.0 GB,Windows 11
"BiTECOOL Windows 11 Laptop, 2022 New 15.6 inches Full HD IPS Display Pc Laptops, Intel Celeron J4125 Quad Core, 8GB RAM and 256GB SSD, BT4.2, 2.4/5G WiFi, Full Size Keyboard, Slim",4.2 ,23,279.00,299.00,15.6 inches,256 GB,8.0 GB,Windows 11
"Tulasi Laptop Computer, 2023 Laptop, Windows 11 Laptop 12GB RAM 256GB NVMe SSD Intel 4-Cores N5095 Laptops 14 inch 1080P IPS Display, WiFi 5, Bluetooth, USB Type C, Webcam",4.0 ,19,319.00,,14 inches,256 GB,12.0 GB,Windows 11 Pro
"HP 2023 15'' HD IPS Laptop, Windows 11, Intel Pentium 4-Core Processor Up to 2.70GHz, 4GB RAM, 256GB SSD, HDMI, Super-Fast 6th Gen WiFi, Dale Red (Renewed)",4.2 ,47,285.00,,15 inches,256 GB,4.0 GB,Windows 11
"MSI GV15 15.6"" 144Hz Gaming Laptop: Intel Core i5-11400H GTX 1650 8GB 256GB NVMe SSD, Wi-Fi 6, USB Type-C, Nahimic 3 Audio Immersion, Win 11: Black 11SC-633",4.5 ,1774,679.99,750.00,15.6 inches,256 GB,8 GB,Windows 11
Dell Latitude 5590 Business Laptop | 15.6in HD Screen | Intel Quad Core 8th Gen i7-8650U | 16GB DDR4 RAM | 512GB SSD | Windows 10 Professional (Renewed),4.3 ,60,349.99,385.00,15.6 inches,512 GB,16 GB,Windows 10 Pro
"HP Newest Envy x360 2-in-1 15.6"" FHD Touchscreen Business Laptop, Intel Core i5-1135G7(Beats i7-1065G7), 16GB 3200MHz RAM, 1TB NVMe SSD, Fingerprint, Webcam, Backlit KB, Win 10 H, GM Accessories",4.4 ,67,799.99,,15.6 inches,1 TB,16.0 GB,Windows 10
"Lenovo Ideapad 3 Chromebook Business Laptop, 14"" HD Anti-Glare Display, MediaTek MT8183, Chrome OS, 4GB RAM, 64GB eMMC, ARM Mali-G72 MP3, Type-C, Long Battery Life, Abyss Blue, 32GB PC Mall USB Card",5.0 ,4,199.00,,14 inches,64 GB,4.0 GB,Chrome OS
"Acer Swift 3 Thin & Light Laptop | 14"" Full HD IPS 100% sRGB Display | AMD Ryzen 7 5700U Octa-Core Processor | 8GB LPDDR4X | 512GB NVMe SSD | WiFi 6 | Backlit KB | FPR | Amazon Alexa | SF314-43-R2YY",4.4 ,705,522.75,,14 inches,64 GB,8 GB,Windows 10 Home
"2022 New HP 15 Laptop, 15.6"" HD LED Display, Intel Dual-Core Processor, Intel UHD Graphics, 16GB DDR4 RAM, 1TB SSD, Ethernet Port, USB Type-C, Long Battery Life, Windows 11 (Renewed)",4.3 ,11,355.00,479.00,15.6 inches,1 TB,16 GB,Windows 11
"Dell Inspiron 15 3000 Series 3511 Laptop, 15.6"" FHD Touchscreen, Intel Core i5-1035G1, 16GB DDR4 RAM, 1TB PCIe SSD, SD Card Reader, Webcam, HDMI, Wi-Fi, Windows 11 Home, Black",4.4 ,248,548.99,576.99,15.6 inches,1 TB,16 GB,Windows 11 Home
"HP Elitebook 830 G5 13.3'' FHD, Core i5-8350U 1.7GHz, 16GB RAM, 512GB Solid State Drive, Windows 10 Pro 64Bit, CAM (Renewed), Silver",3.2 ,3,277.90,298.00,13.3 inches,512 GB,16 GB,Windows 10
"ECOHERO Windows 11 Laptop, 15.6 inches FHD(1920 x 1080) IPS Display, Intel Core i3-5005U, 12GB RAM and 512GB SSD Laptop Computer, 2.4G/5G WiFi, BT5.0 and RJ45, Full Functional Type C, Space Gray",4.3 ,112,349.00,,15.6 inches,512 GB,12.0 GB,Windows 11 Pro
"Lenovo IdeaPad 1 15.6"" Laptop (2023 Model), AMD Dual-core Athlon 3050U Processor (up to 3.20 GHz, Beats i3-1005G1), 8GB RAM, 256GB SSD, Wi-Fi 6, Bluetooth, Long Battery, Win 11+MarxsolCables",4.0 ,61,319.00,,15.6 inches,256 GB,8 GB,Windows 11 Home
"HP 14 Laptop, AMD 3020e, 4 GB RAM, 64 GB eMMC Storage, 14-inch HD Display, Windows 10 Home in S Mode, Long Battery Life, Microsoft 365, (14-fq0020nr, 2020)",4.3 ,681,223.00,259.99,14 inches,64 GB,4 GB,Windows 10 Home
"New HP OMEN - 16.1"" Micro-Edge QHD 2K 165Hz Gaming Laptop - Intel Core i7 11800H - B&O - NVIDIA GeForce RTX 3070 - 16GB Memory 1TB SSD - Ceramic White HDMI2.1 Thunderbolt 4 (Renewed)",,,1299.99,2499.00,16 inches,1 TB,16 GB,Windows 11 Home
"Dell Latitude 7490 Business Laptop, 14"" FHD (1920 x 1080) Laptop, Intel Core i5-8350U 1.7GHz, 16GB DDR4 RAM, 512GB SATA SSD, Webcam, Bluetooth, Windows 10 Pro (Renewed)",4.2 ,126,249.93,267.90,14 inches,512 GB,16 GB,Windows 10 Pro
Lenovo Laptop 17inch Screen| Ryzen5 5625U| Windows11 Laptop| FHD IPS Display Narrow Bezel| USB Type-C| Wireless Wi-Fi 6| SD Card Reader| Fingerprint| Webcam| HDMI Cable (16GB RAM | 1TB SSD),4.5 ,302,649.99,,17 inches,1 TB,16.0 GB,Windows 11 Home
"HP Pavilion 17.3"" FHD IPS Laptop Newest 2022, 11th Gen Intel Core i5-1135G7(up to 4.2 GHz), 16GB DDR4 RAM, 1TB PCIe SSD, Wi-Fi 5, Bluetooth, Windows 11, Silver, w/ 3in1 Accessories",4.4 ,330,686.00,,17.3 inches,1 TB,16 GB,Windows 11
"Lenovo ThinkPad P51s Mobile Workstation Laptop - Windows 10 Pro, Core i7-7600U, 16GB RAM, 500GB SSD, 15.6-inch FHD 1080p IPS Display, NVIDIA Quadro M520M, Backlit Keyboard, Fingerprint (Renewed)",3.8 ,8,518.99,,15.6 inches,500,16 GB,Windows 10 Pro
"Lenovo ThinkBook 15 Gen 4 15.6"" FHD Touchscreen (12th Gen Intel 10-Core i7-1255U, 40GB RAM, 1TB PCIe SSD, Narrow Bezel IPS) Business Laptop, Backlit Keyboard, Fingerprint, Thunderbolt 4, Win 11 Pro",4.2 ,32,1129.99,,15.6 inches,1 TB,32 GB,Windows 11 Pro
"BiTECOOL 14-inch Windows 11 Laptop, 12GB RAM, 256GB NVMe SSD, up to 2100MB/S, FHD IPS Display, Intel Celeron N5095 Quad Core, 5G WiFi, BT4.2, Type C and Camera Cover, Lightweight and Portable",4.4 ,92,299.00,319.00,14 inches,256 GB,12.0 GB,Windows 11 Pro
"BiTECOOL Windows 11 Laptop, 15.6 inches Full HD IPS Display, Intel Celeron N4120 Quad Core, 12GB RAM and 256GB SSD Laptop Computer, 2.4/5G WiFi, BT4.2, Full Size Keyboard and Ultra Slim",3.7 ,11,319.00,339.00,15.6 inches,256 GB,12.0 GB,Windows 11
"BiTECOOL Windows 11 Laptop, 2022 New 15.6 inches Full HD IPS Display Pc Laptops, Intel Celeron J4125 Quad Core, 8GB RAM and 256GB SSD, BT4.2, 2.4/5G WiFi, Full Size Keyboard, Slim",4.2 ,23,279.00,299.00,15.6 inches,256 GB,8.0 GB,Windows 11
"Tulasi Laptop Computer, 2023 Laptop, Windows 11 Laptop 12GB RAM 256GB NVMe SSD Intel 4-Cores N5095 Laptops 14 inch 1080P IPS Display, WiFi 5, Bluetooth, USB Type C, Webcam",4.0 ,19,319.00,,14 inches,256 GB,12.0 GB,Windows 11 Pro
"HP Pavilion x360 Convertible 14-inch Laptop, 11th Generation Intel Core i5-1135G7 processor, Iris Xe Graphics, 8GB RAM, 256 GB SSD, Windows 11 Home (14-dw1025nr, Natural silver)",4.5 ,203,523.99,574.98,14 inches,256 GB,8 GB,Windows 11 Home
"Dell - Inspiron 3511 15.6"" Touch Laptop Intel Core i5 8GB Memory 256GB Solid State Drive Black",4.3 ,44,422.71,599.99,15 inches,256 GB,8 GB,Windows 11 S
"Newest HP 14"" HD Laptop, Windows 11, Intel Celeron Dual-Core Processor Up to 2.60GHz, 4GB RAM, 64GB SSD, Webcam(Renewed)",4.0 ,74,192.99,229.99,14,-,4.0 GB,Windows 11
"ASUS C423NA Chromebook 14"" HD Laptop (Intel Dual Core Celeron Processor N3350, 4GB DDR4 RAM, 64GB SSD) Webcam, WiFi, Bluetooth, Type-C, Google Chrome OS - Silver (Renewed)",4.1 ,1241,127.00,,14 inches,64 GB,4 GB,Chrome OS
"Fusion5 14.1inch A90B+ Pro 64GB Windows 10 Laptop - 4GB RAM, 64GB Storage, Full HD IPS, Bluetooth, 2MP Webcam, Dual Band WiFi Laptop",4.0 ,1887,274.95,,14.10 inches,64 GB,4 GB,Windows 10 Pro
"HP 14"" Home and Business Laptop Ryzen 3-3200U, 8GB RAM, 128GB M.2 SSD, Dual-Core up to 3.50 GHz, Vega 3 Graphics, RJ-45, USB-C, 4K Output HDMI, Bluetooth, Webcam, 1366x768, Win 10",4.5 ,1762,338.00,,14 inches,128 GB,8 GB,Windows 10
"HP Elitebook X360 1030 G3 2-in-1 13.3 Touchscreen FHD (1920x1080) Business Laptop (Intel Core i5-8350U, 16GB RAM, 512GB SSD) Backlit, Thunderbolt, Webcam, Windows 10 Pro W/ Original Box (Renewed)",4.0 ,8,649.99,,13.3 inches,512 GB,16 GB,Windows 10 Professional 64-bit
"ASUS [Windows 11 S] R410 14"" Lightweight Laptop, Intel Celeron N4020 Processor, 4GB DDR4 RAM, 192GB Storage (128GB eMMC + 64GB Flash Drive), 802.11AC WiFi, Bluetooth 4.1, Type-C, Star Black",4.4 ,38,219.00,,14 inches,128 GB,4 GB,Windows 11 S
"Lenovo IdeaPad 1 Laptop, 15.6"" HD Display, AMD Athlon Silver 3050U Processor, Windows 11 Home, 12GB RAM, 384GB SSD (128GB eMMC+256GB PCIe SSD), Webcam, HDMI, WiFi 6, USB Type-C, Long Battery Life, PCM",,,399.00,449.00,15.6 inches,-,12.0 GB,Windows 11 Home
"ECOHERO Windows 11 Laptop, 15.6 inches FHD(1920 x 1080) IPS Display, Intel Core i3-5005U, 12GB RAM and 512GB SSD Laptop Computer, 2.4G/5G WiFi, BT5.0 and RJ45, Full Functional Type C, Space Gray",4.3 ,112,349.00,,15.6 inches,512 GB,12.0 GB,Windows 11 Pro
"Lenovo Flex 5i Chromebook 13.3” Full HD 2-in-1 Touchscreen Laptop, Intel Core i3-1115G4, 8GB RAM, 128GB SSD, Intel UHD Graphics, Chrome OS, Abyss Blue",4.4 ,160,354.00,,13.3 inches,128 GB,8 GB,Chrome OS
"Lenovo ThinkBook 15 Gen 3 15.6"" FHD (36GB DDR4 RAM, 1TB PCIe SSD, AMD 6-Core Ryzen 5 5500U (Beat i7-1165G7), Anti-Glare, Webcam) Business Laptop, Backlit Keyboard, Fingerprint, Type-C, Win 11 Pro",4.9 ,11,729.99,799.99,15.6 inches,1 TB,-,Windows 11 Pro
"HP Chromebook 11-inch Laptop - MediaTek - MT8183 - 4 GB RAM - 32 GB eMMC Storage - 11.6-inch HD Display - with Chrome OS™ - (11a-na0010nr, 2020 model)",4.4 ,2397,138.00,259.99,11.6 inches,0 TB,4 GB,Chrome OS
"HP Stream 14-inch Laptop, Intel Celeron N4000, 4 GB RAM, 64 GB eMMC, Windows 10 Home in S Mode With Office 365 Personal For 1 Year (14-cb185nr, Royal Blue)",4.4 ,1989,225.00,259.99,14 inches,64 GB,4 GB,Windows 10 Home
"Lenovo Chromebook C330 2-in-1 Convertible Laptop, 11.6"" HD Display, MediaTek MT8173C, 4GB RAM, 64GB Storage, Chrome OS, Blizzard White",4.5 ,10883,249.00,,11.6 inches,64 GB,4 GB,Chrome OS
"HP Laptop X360 14a Chromebook 14"" HD Touchscreen, Entertaining from Any Angle Intel Celeron, 4GB DDR4 64GB eMMC WiFi Webcam Stereo Speakers Bluetooth 4.2 Chrome Blue Metallic Color",4.5 ,977,239.00,,14 inches,64 GB,4 GB,Chrome OS
"HP 2023 15.6"" FHD Laptop, AMD Ryzen 5-5500U Processor, 16GB RAM, 512GB PCIe SSD, AMD Radeon Graphics, HD Webcam, Bluetooth, Wi-fi, Windows 11, Blue, 32GB SnowBell USB Card",4.5 ,4,549.00,,15.6 inches,512 GB,16 GB,Windows 11
"Dell Latitude E7270 UltraBook Screen Business Laptop (Intel Core i5-6300U, 8GB Ram, 256GB Solid State SSD, HDMI, Camera, WiFi, Smart Card Reader) Win 10 Pro (Renewed)",4.2 ,490,139.98,149.00,12.5 inches,256 GB,8 GB,Windows 10 Pro
"BiTECOOL 14-inch Windows 11 Laptop, 12GB RAM, 256GB NVMe SSD, up to 2100MB/S, FHD IPS Display, Intel Celeron N5095 Quad Core, 5G WiFi, BT4.2, Type C and Camera Cover, Lightweight and Portable",4.4 ,92,299.00,319.00,14 inches,256 GB,12.0 GB,Windows 11 Pro
"BiTECOOL Windows 11 Laptop, 15.6 inches Full HD IPS Display, Intel Celeron N4120 Quad Core, 12GB RAM and 256GB SSD Laptop Computer, 2.4/5G WiFi, BT4.2, Full Size Keyboard and Ultra Slim",3.7 ,11,319.00,339.00,15.6 inches,256 GB,12.0 GB,Windows 11
"Tulasi Laptop Computer, 2023 Laptop, Windows 11 Laptop 12GB RAM 256GB NVMe SSD Intel 4-Cores N5095 Laptops 14 inch 1080P IPS Display, WiFi 5, Bluetooth, USB Type C, Webcam",4.0 ,19,319.00,,14 inches,256 GB,12.0 GB,Windows 11 Pro
"BiTECOOL Windows 11 Laptop, 15.6 inches Full HD IPS Display, Intel Celeron N4120 Quad Core, 12GB RAM and 256GB SSD Laptop Computer, 2.4/5G WiFi, BT4.2, Full Size Keyboard and Ultra Slim",3.7 ,11,319.00,339.00,15.6 inches,256 GB,12.0 GB,Windows 11
"Lenovo 100E Chromebook 2ND Gen Laptop, 11.6"" HD (1366 X 768) Display, MediaTek MT8173C Processor, 4GB LPDDR3 RAM, 16GB eMMC TLC SSD, Powervr GX6250, Chrome OS, 81QB000AUS, Black",4.5 ,1245,139.00,159.99,11.6 inches,16 GB,4 GB,Chrome OS
"HP 2023 15.6"" FHD Laptop, AMD Ryzen 5-5500U Processor, 16GB RAM, 512GB PCIe SSD, AMD Radeon Graphics, HD Webcam, Bluetooth, Wi-fi, Windows 11, Blue, 32GB SnowBell USB Card",4.5 ,4,549.00,,15.6 inches,512 GB,16 GB,Windows 11
"LG Gram 17Z95P Laptop 17"" Ultra-Lightweight, IPS, (2560 x 1600), Intel Evo 11th gen CORE i7, 16GB RAM, 1TB SSD, Windows 11 Home, 80Wh Battery, Alexa Built-in, 2X USB-C, HDMI, USB-A – Black",4.3 ,56,1099.99,1849.99,17 inches,1 TB,16 GB,Windows 11
"Lenovo Flex 5 Laptop, 14.0"" FHD Touch Display, AMD Ryzen 5 5500U, 16GB RAM, 256GB Storage, AMD Radeon Graphics, Windows 11 Home, Graphite Grey",4.4 ,1300,590.00,636.49,14 inches,256 GB,16 GB,Windows 11
"HP Newest 14"" HD Laptop, Intel Core i5-1035G1, Intel UHD Graphics, 8GB SDRAM, 256GB SSD, Natural Silver, Windows 10",4.2 ,62,393.00,485.00,14 inches,256 GB,8.0 GB,Windows 10 Home
"Dell Latitude 7280 Laptop PC, Non-Touch, Intel i5 2.40GHz Processor, 16 GB RAM DDR4, 512 GB M.2 Solid State Drive, HDMI, Webcam, WiFi & Bluetooth, Windows 10 Pro (Renewed)",4.2 ,29,174.94,186.00,12.5 inches,512 GB,16 GB,Windows 10 Pro
"Coolby Windows 10 Laptop Computer, 14.1 inch 6GB DDR4 / 128GB SSD Notebook PC, Intel J4005 Processor, HD Display, Support WiFi, BT, Long-Lasting Battery for School, Business, Travel",4.3 ,58,189.00,,14.1 inches,128 GB,6.0 GB,Windows 10 Pro
"14.1"" Full HD Windows 10 Professional Slim n Light Laptop, Revolutionary Design - 4GB RAM, 64GB Storage S14+ Model Lapbook, Intel Celeron, USB 3.0, 5GHz WiFi, Expandable Storage",3.7 ,912,274.95,,Celeron,64 GB,4.00 GB,1.1 GHz
"BiTECOOL 14-inch Windows 11 Laptop, 12GB RAM, 256GB NVMe SSD, up to 2100MB/S, FHD IPS Display, Intel Celeron N5095 Quad Core, 5G WiFi, BT4.2, Type C and Camera Cover, Lightweight and Portable",4.4 ,92,299.00,319.00,14 inches,256 GB,12.0 GB,Windows 11 Pro
"Lenovo ThinkPad L380 Yoga 2-in-1 Laptop, 13.3"" FHD Touchscreen, Intel Core i5-8250U, 16GB RAM, 256GB SSD, Fingerprint Reader, Backlit Keyboard, Stylus Pen, Windows 10 Pro (Renewed)",3.3 ,9,285.90,299.50,13.3 inches,-,-,Windows 10 Pro
"HP EliteBook 840 G3 Business Laptop, 14 Anti-Glare FHD, Intel Core i5-6200U, 16GB DDR4, 1TB SSD, Webcam, Windows 10 Pro (Renewed)",4.0 ,56,213.92,251.00,14 inches,1 TB,16 GB,Windows 10 Pro
"Dell Latitude 7490 Intel Core i7-8650U 16GB DDR4 RAM, 512GB SSD 14"" FHD Windows 10 Pro Laptop (Renewed)",4.2 ,448,336.75,372.99,14 inches,512 GB,16 GB,Windows 10 Pro
"HP Newest 17 Laptop, 17.3"" HD+ Display, 11th Gen Intel Core i3-1115G4 Processor, 32GB RAM, 1TB PCIe SSD, Webcam, Bluetooth, HDMI, RJ-45, Windows 11 Home, Silver",4.1 ,157,591.95,,17.3 inches,1 TB,32 GB,Windows 11 Home
"ASUS Vivobook Laptop, 17.3"" HD+ (1600x900) Display, Intel Core i5-1035G1 Processor, 20GB RAM, 1TB PCIe SSD, Webcam, HDMI, SD Card Reader, Wi-Fi, Windows 11 Home, Silver",4.4 ,208,579.00,,17.3 inches,1 TB,20 GB,Windows 11 Home
"HP 14 Laptop, AMD Ryzen 5 5500U, 8 GB RAM, 256 GB SSD Storage, 14-inch Full HD Display, Windows 10 Home, Thin & Portable, Micro-edge & Anti-glare Screen, Long Battery Life (14-fq1021nr, 2021)",4.5 ,818,418.00,,14 inches,256 GB,8 GB,Windows 10 Home
"Dell Inspiron 16 5620 Laptop - 16.0-inch 16:10 FHD+ (1920 x 1200) Display, Intel Core i5-1235U, 8GB Memory, 512GB SSD, Intel UHD Graphics, Intel Wi-Fi 6E, Windows 11 Home - Platinum Silver",4.1 ,103,649.98,709.97,16 inches,512 GB,8 GB,Windows 11 Home
"2020 HP 15.6"" HD LED Display Laptop, Intel Pentium Gold 6405U Processor, 4GB DDR4 RAM, 128GB SSD, HDMI, Webcam, WI-FI, Windows 10 S, Scarlet Red",4.4 ,1439,282.97,,15.6 inches,128 GB,4 GB,Windows 10
"2021 Newest HP 17.3 inch FHD Laptop, AMD Ryzen 5 5500U 6-core(Beat i7-1160G7, up to 4.0GHz),16GB RAM, 1TB PCIe SSD, Bluetooth 4.2, WiFi, HDMI, USB-A&C, Windows 10 S, w/Ghost Manta Accessories, Silver",4.3 ,114,699.00,,17.3 inches,1 TB,16 GB,Windows 10
300W 20V 15A ADL300SDC3A Laptop Charger Fit for Lenovo ThinkPad - 9000P 9000K Y9000K Y9000X SA10R16956 5A10W86289 Laptop AC Adapter 230GB B A17-180P1A Gaming Laptop Adapter,,,78.88,,,,,
"Lenovo 15.6"" IdeaPad 1 Laptop, 20GB Memory, 1TB SSD Storage, Intel Pentium Processor (4-cores, 3.3GHz), 15.6"" Anti-glare Display, Wi-Fi 6 and Bluetooth, HDMI, Type-C, 1 Year Office 365,Windows 11 Home",4.3 ,69,394.87,,15.6 inches,1 TB,20 GB,Windows 11
"BiTECOOL Windows 11 Laptop, 2022 New 15.6 inches Full HD IPS Display Pc Laptops, Intel Celeron J4125 Quad Core, 8GB RAM and 256GB SSD, BT4.2, 2.4/5G WiFi, Full Size Keyboard, Slim",4.2 ,23,279.00,299.00,15.6 inches,256 GB,8.0 GB,Windows 11
"ECOHERO Windows 11 Laptop, 15.6 inches FHD(1920 x 1080) IPS Display, Intel Core i3-5005U, 12GB RAM and 512GB SSD Laptop Computer, 2.4G/5G WiFi, BT5.0 and RJ45, Full Functional Type C, Space Gray",4.3 ,112,349.00,,15.6 inches,512 GB,12.0 GB,Windows 11 Pro
Apple MacBook Air MD761LL/A 13.3-Inch Laptop (OLD VERSION) (Renewed),3.9 ,82,349.00,,13.3 inches,256 GB,4 GB,Mac OS
"Acer Chromebook 14"" FHD 2 in 1 Touchscreen Laptop Student Business, AMD Ryzen 3 3250C, 8GB RAM, 256GB Storage(128GB eMMC SSD + 128GB MSD Card), Backlit Keyboard, WiFi 5, Chrome OS, w/GM Accessories",5.0 ,1,369.99,399.00,14 inches,128 GB,-,Chrome OS
"HP Newest 14"" HD Laptop, Intel Core i5-1035G1, Intel UHD Graphics, 8GB SDRAM, 256GB SSD, Natural Silver, Windows 10",4.2 ,62,393.00,485.00,14 inches,256 GB,8.0 GB,Windows 10 Home
"Acer Chromebook 512 Laptop | Intel Celeron N4020 | 12"" HD+ Display | Intel UHD Graphics 600 | 4GB LPDDR4 | 32GB eMMC | Intel 9560 802.11ac Gigabit WiFi 5 | MIL-STD 810G | Chrome OS | CB512-C1KJ",4.3 ,550,127.00,,12 inches,32 GB,4 GB,Chrome OS
"Lenovo Chromebook C330 2-in-1 Convertible Laptop, 11.6"" HD Display, MediaTek MT8173C, 4GB RAM, 64GB Storage, Chrome OS, Blizzard White",4.5 ,10883,249.00,,11.6 inches,64 GB,4 GB,Chrome OS
"Bmax X14 Pro 14.1"" Laptop AMD Ryzen 5 3450U (up to 3.5GHz) 8GB DDR4 512GB SSD Gaming Laptop 1920x1080 FHD Thin Traditional Computers Expandable 1TB SSD, HDMI, BT, USB3.0, 2.4G/5G WiFi",3.9 ,45,499.99,,14.1 inches,512 GB,8.0 GB,Windows 10
"2022 New HP 15 Laptop, 15.6"" HD LED Display, Intel Dual-Core Processor, Intel UHD Graphics, 16GB DDR4 RAM, 1TB SSD, Ethernet Port, USB Type-C, Long Battery Life, Windows 11 (Renewed)",4.3 ,11,355.00,479.00,15.6 inches,1 TB,16 GB,Windows 11
"2020 HP 15.6"" HD LED Display Laptop, Intel Pentium Gold 6405U Processor, 4GB DDR4 RAM, 128GB SSD, HDMI, Webcam, WI-FI, Windows 10 S, Scarlet Red",4.4 ,1439,282.97,,15.6 inches,128 GB,4 GB,Windows 10
"BiTECOOL Windows 11 Laptop, 15.6 inches Full HD IPS Display, Intel Celeron N4120 Quad Core, 12GB RAM and 256GB SSD Laptop Computer, 2.4/5G WiFi, BT4.2, Full Size Keyboard and Ultra Slim",3.7 ,11,319.00,339.00,15.6 inches,256 GB,12.0 GB,Windows 11
"BiTECOOL 14-inch Windows 11 Laptop, 12GB RAM, 256GB NVMe SSD, up to 2100MB/S, FHD IPS Display, Intel Celeron N5095 Quad Core, 5G WiFi, BT4.2, Type C and Camera Cover, Lightweight and Portable",4.4 ,92,299.00,319.00,14 inches,256 GB,12.0 GB,Windows 11 Pro
"HP 17.3-inch Laptop, 11th Generation Intel Core i5-1135G7, Intel Iris Xe Graphics, 8 GB RAM, 512 GB SSD, Windows 11 Home (17.3-cn0026nr,Natural Silver)",4.5 ,459,575.85,729.99,17.3 inches,512 GB,512 GB,Windows 11 Home
"Windows 11 Laptop, 15.6 Inch Intel N5095 2.9 GHz Quad Core 16GB RAM 256G SSD, FHD 1920*1080 IPS Display, Thin & Light Notebook, Backlit keyboard, Finger print, USB3.0, mHDMI, All-Metal Body, Office",5.0 ,2,329.99,,15.6,256 GB,16.0 GB,Windows 11
"Newest Dell Inspiron 15 3511 Laptop, 15.6"" FHD Touchscreen, Intel Core i5-1035G1, 16GB RAM, 512GB PCIe NVMe M.2 SSD, SD Card Reader, Webcam, HDMI, WiFi, Windows 11 Home, Black (Renewed)",5.0 ,1,454.00,511.00,15.6 inches,512 GB,16 GB,Windows 11
"HP 2022 Newest Pavilion Laptop, 15.6"" Full HD Touchscreen, 12th Gen Intel Core i7-1255U, 32GB DDR4 RAM, 2TB PCIe SSD, Webcam, Backlit Keyboard, HDMI, Bluetooth, Wi-Fi 6, Windows 11 Home, Blue",4.4 ,11,969.99,,15.6 inches,2 TB,32 GB,Windows 11 Home
"Lenovo Flex 5i 14"" Laptop Intel Core i3-1115G4 8GB RAM 256GB Solid State Drive NVMe Windows 11 Home in S Mode (Renewed)",4.7 ,24,249.99,,14 inches,256 GB,8 GB,"Windows 11 Home, English"
"HP Elitebook 840 G3 Laptop Intel i7-6600U 2.6GHz, 16GB RAM, 512GB SSD, Windows 10 Pro (Renewed)",4.2 ,639,245.11,368.98,14.1 inches,512 GB,16 GB,Windows 10
"2022 Upgraded Ideapad 1i Laptops for College Student & Business by Lenovo, 14-inch HD Computer, Intel Celeron N4020, 4GB RAM, 128GB(64GB SSD+64GB Card), 1-Year MS Office 365, HDMI, Webcam, Windows 11",5.0 ,3,199.99,,14 inches,64 GB,4.0 GB,Windows 11
"Lenovo 2022 Upgraded Ideapad 1i Laptops, 14 inch HD Computer, Intel Celeron N4020, 4GB RAM, 128GB SSD(64GB SSD+64GB Card), 1-Year Office 365, Webcam, Wi-Fi, Bluetooth, Windows 11, LIONEYE HDMI Cable",4.2 ,101,209.99,,14 inches,64 GB,4.0 GB,Windows 11
"Minisopuru Triple Display Docking Station with Power Supply Laptop Charge, USB C Docking Station for MacBook Pro/Air M1 M2 & Windows, Laptop Docking Station with 3 HDMI,10Gbps USB C/A Data, Ethernet",4.3 ,128,159.89,,,,,
"Lenovo ThinkPad L380 Yoga 2-in-1 Laptop, 13.3"" FHD Touchscreen, Intel Core i5-8250U, 16GB RAM, 256GB SSD, Fingerprint Reader, Backlit Keyboard, Stylus Pen, Windows 10 Pro (Renewed)",3.3 ,9,285.90,299.50,13.3 inches,-,-,Windows 10 Pro
"Tulasi Laptop Computer, 2023 Laptop, Windows 11 Laptop 12GB RAM 256GB NVMe SSD Intel 4-Cores N5095 Laptops 14 inch 1080P IPS Display, WiFi 5, Bluetooth, USB Type C, Webcam",4.0 ,19,319.00,,14 inches,256 GB,12.0 GB,Windows 11 Pro
"Lenovo IdeaPad 1 Laptop, 15.6"" HD Display, AMD Athlon Silver 3050U Processor, Windows 11 Home, 12GB RAM, 384GB SSD (128GB eMMC+256GB PCIe SSD), Webcam, HDMI, WiFi 6, USB Type-C, Long Battery Life, PCM",,,399.00,449.00,15.6 inches,-,12.0 GB,Windows 11 Home
"HP Envy X360 15 2-in-1 Laptop 15.6"" FHD IPS Touchscreen 12th Generation Intel 12-Core i5-1240P (Beats i7-1165G7) 32GB RAM 1TB SSD Backlit Keyboard Thunderbolt USB-C B&O Win11 Silver + HDMI Cable",5.0 ,3,999.00,,15.6 inches,1 TB,-,Windows 11
"Premium Dell Latitude E6430 14 Inch HD Business Laptop (Intel Core i7-3520M up to 3.6GHz, 16GB DDR3 RAM, 1TB HDD USB, DVD, HDMI, VGA, Windows 10 Pro) (Renewed)",4.0 ,51,199.98,,14 inches,1 TB,16.0 GB,Windows 10 Pro
"Lenovo ThinkPad Yoga 370 Touch Laptop with Intel Core i5-7300U, 8GB DDR4 RAM, 256GB SSD - 13.3"" - Black - 20JH002AUS (Renewed)",3.9 ,28,209.99,779.00,13.3 inches,0 GB,8 GB,Windows 10 Pro
"HP 14 Laptop, Intel Celeron N4020, 4 GB RAM, 64 GB Storage, 14-inch HD Touchscreen, Windows 10 Home, Thin & Portable, 4K Graphics, One Year of Microsoft 365 (14-dq0070nr, 2021, Pale Rose Gold)",4.4 ,657,291.96,,14 inches,64 GB,4 GB,Windows 10 Home
"HP 17 Laptop 17.3'' FHD IPS Business (Intel i5-1135G7, 64GB RAM, 2TB SSD, UHD Graphics) 4-Core(Beat i7-10510U) Narrow Bezel, Long Battery Life, Webcam, Type-C, HDMI Cable, Win 11 Home - 2022, Silver",4.5 ,19,949.99,,17.3 inches,2 TB,-,Windows 11 Home
"Lenovo IdeaPad 1i 14"" Laptop Computer, Quad-Core Intel Pentium Silver N5030 Processor, 4GB DDR4 RAM, 128GB eMMC + 512GB SSD, WiFi 6, BT 5.1, 1-Year Office 365, Windows 11 S, BROAG USB Extension Cable",4.3 ,119,279.00,299.00,14 inches,128 GB,4 GB,Windows 11 Home
"Lenovo IdeaPad 1 15.6"" FHD Laptop Newest, Intel Pentium Silver N6000, 12GB RAM, 256GB PCIe SSD+128GB eMMC, 1 Year Microsoft Office 365, Webcam, Type-C, SD Card Reader, Wi-Fi 6, Windows 11",5.0 ,2,349.99,,15.6,256 GB,-,Windows 11
"HP 2023 14"" HD IPS Laptop, Intel Celeron Processor Up to 2.60GHz, 8GB RAM, 64GB SSD, Ultra-Fast WiFi, Webcam, Windows 11(Renewed)",,,195.99,,14 inches,64 GB,8 GB,Windows 11
"BiTECOOL Windows 11 Laptop, 15.6 inches Full HD IPS Display, Intel Celeron N4120 Quad Core, 12GB RAM and 256GB SSD Laptop Computer, 2.4/5G WiFi, BT4.2, Full Size Keyboard and Ultra Slim",3.7 ,11,319.00,339.00,15.6 inches,256 GB,12.0 GB,Windows 11
"BiTECOOL 14-inch Windows 11 Laptop, 12GB RAM, 256GB NVMe SSD, up to 2100MB/S, FHD IPS Display, Intel Celeron N5095 Quad Core, 5G WiFi, BT4.2, Type C and Camera Cover, Lightweight and Portable",4.4 ,92,299.00,319.00,14 inches,256 GB,12.0 GB,Windows 11 Pro
"Acer Chromebook 14"" FHD 2 in 1 Touchscreen Laptop Student Business, AMD Ryzen 3 3250C, 8GB RAM, 256GB Storage(128GB eMMC SSD + 128GB MSD Card), Backlit Keyboard, WiFi 5, Chrome OS, w/GM Accessories",5.0 ,1,369.99,399.00,14 inches,128 GB,-,Chrome OS
"Premium Dell Latitude E7440 Ultrabook 14 Inch HD Business Laptop (Intel Core i5-4310U up to 3.0GHz, 8GB DDR3 RAM, 256GB SSD USB, HDMI, Windows 10 Pro) (Renewed)",4.1 ,34,149.98,157.99,14 inches,256 GB,8 GB,Windows 10 Pro
"HP 2023 Newest Pavilion 15.6"" HD Laptop,Intel Quad Core Pentium Processor, 8GB RAM, 256GB SSD, Intel UHD Graphics, WiFi, HD Webcam,Bluetooth, HDMI, RJ-45, Long Battery Life, Win 11+HubxcelAccesory",5.0 ,1,379.00,,15.6 inches,256 GB,8 GB,Windows 11 Home
"HP EliteBook 840 G3 Business Laptop, 14 Anti-Glare FHD, Intel Core i5-6200U, 16GB DDR4, 1TB SSD, Webcam, Windows 10 Pro (Renewed)",4.0 ,56,213.92,251.00,14 inches,1 TB,16 GB,Windows 10 Pro
"LG gram (2022) 14Z90Q Ultra Lightweight Laptop, 14"" (1920 x 1200) IPS Display, Intel Evo 12th Gen i7 1260P Processor, 32GB LPDDR5, 1TB NVMe SSD, FHD Webcam, WiFi 6E, Thunderbolt 4, Windows 11, Black",4.1 ,18,1196.99,1799.99,14,1 TB,32 GB,Windows 11 Home
"2022 Newest ASUS Military-Grade Student Laptop, 11.6"" HD Certified Eye-Care Display, Intel Dual-Core Processor, 4GB RAM, Ethernet Port, Spill-Resistant Keyboard, Win10 Pro (256GB Storage) (Renewed)",3.8 ,4,149.00,188.99,11.6 inches,256 GB,4 GB,Windows 10 Pro
"ASUS ZenBook 14 Ultra-Slim Laptop 14” FHD Display, AMD Ryzen 7 5800H CPU, Radeon Vega 7 Graphics, 16GB RAM, 1TB PCIe SSD, NumberPad, Windows 11 Pro, Pine Grey, UM425QA-EH74",4.3 ,131,999.99,,14 inches,1 TB,16 GB,Windows 11 Pro
"HP Laptop 15-dy0029ds 15.6"" HD (1366 x 768) Intel Celeron 4020, Intel UHD Graphics 600 4GB DDR4 RAM, 128GB SSD Storage, Windows 10 Home in S Mode, Underwater Teal (Renewed)",3.4 ,22,205.98,,15.6 inches,0 TB,0 TB,Windows 11 Home
"Lenovo ThinkPad L380 Yoga 2-in-1 Laptop, 13.3"" FHD Touchscreen, Intel Core i5-8250U, 16GB RAM, 256GB SSD, Fingerprint Reader, Backlit Keyboard, Stylus Pen, Windows 10 Pro (Renewed)",3.3 ,9,285.90,299.50,13.3 inches,-,-,Windows 10 Pro
300W 20V 15A ADL300SDC3A Laptop Charger Fit for Lenovo ThinkPad - 9000P 9000K Y9000K Y9000X SA10R16956 5A10W86289 Laptop AC Adapter 230GB B A17-180P1A Gaming Laptop Adapter,,,78.88,,,,,
"Tulasi Laptop Computer, 2023 Laptop, Windows 11 Laptop 12GB RAM 256GB NVMe SSD Intel 4-Cores N5095 Laptops 14 inch 1080P IPS Display, WiFi 5, Bluetooth, USB Type C, Webcam",4.0 ,19,319.00,,14 inches,256 GB,12.0 GB,Windows 11 Pro
"BiTECOOL Windows 11 Laptop, 15.6 inches Full HD IPS Display, Intel Celeron N4120 Quad Core, 12GB RAM and 256GB SSD Laptop Computer, 2.4/5G WiFi, BT4.2, Full Size Keyboard and Ultra Slim",3.7 ,11,319.00,339.00,15.6 inches,256 GB,12.0 GB,Windows 11
"Premium Dell Latitude E7440 Ultrabook 14 Inch HD Business Laptop (Intel Core i5-4310U up to 3.0GHz, 8GB DDR3 RAM, 256GB SSD USB, HDMI, Windows 10 Pro) (Renewed)",4.1 ,34,149.98,157.99,14 inches,256 GB,8 GB,Windows 10 Pro
"HP 2023 Newest Pavilion 15.6"" HD Laptop,Intel Quad Core Pentium Processor, 8GB RAM, 256GB SSD, Intel UHD Graphics, WiFi, HD Webcam,Bluetooth, HDMI, RJ-45, Long Battery Life, Win 11+HubxcelAccesory",5.0 ,1,379.00,,15.6 inches,256 GB,8 GB,Windows 11 Home
"BiTECOOL 14-inch Windows 11 Laptop, 12GB RAM, 256GB NVMe SSD, up to 2100MB/S, FHD IPS Display, Intel Celeron N5095 Quad Core, 5G WiFi, BT4.2, Type C and Camera Cover, Lightweight and Portable",4.4 ,92,299.00,319.00,14 inches,256 GB,12.0 GB,Windows 11 Pro
"Lenovo ThinkPad L380 Yoga 2-in-1 Laptop, 13.3"" FHD Touchscreen, Intel Core i5-8250U, 16GB RAM, 256GB SSD, Fingerprint Reader, Backlit Keyboard, Stylus Pen, Windows 10 Pro (Renewed)",3.3 ,9,285.90,299.50,13.3 inches,-,-,Windows 10 Pro
300W 20V 15A ADL300SDC3A Laptop Charger Fit for Lenovo ThinkPad - 9000P 9000K Y9000K Y9000X SA10R16956 5A10W86289 Laptop AC Adapter 230GB B A17-180P1A Gaming Laptop Adapter,,,78.88,,,,,
"Lenovo 15.6"" IdeaPad 1 Laptop, 20GB Memory, 1TB SSD Storage, Intel Pentium Processor (4-cores, 3.3GHz), 15.6"" Anti-glare Display, Wi-Fi 6 and Bluetooth, HDMI, Type-C, 1 Year Office 365,Windows 11 Home",4.3 ,69,394.87,,15.6 inches,1 TB,20 GB,Windows 11
